카테고리,product,price,rate
라면,[농심] 신라면 120gx5입,3670,4.95
라면,[농심] 올리브 짜파게티 (140gx5입),4270,4.95
라면,오뚜기 진라면 매운맛 120g*5입,3090,4.96
라면,[농심] 육개장 사발면 (86gx6입),4490,4.95
라면,농심 얼큰한 너구리 (120gx5입),3670,4.95
라면,[농심] 안성탕면 5입 625g (125g5입),3280,4.94
라면,[삼양] 삼양라면 5입,2480,4.93
라면,오뚜기 진라면 순한맛 120g(5입),3090,4.95
라면,[농심] 신라면 컵 6입 390g (65g6입),3970,4.95
라면,[농심] 튀김 우동 컵 (62g6입),3970,4.94
라면,[오뚜기] 스낵면 540g (108g*5입),2480,4.93
라면,[팔도 Paldo] 왕뚜껑 110g,950,4.94
라면,농심 앵그리짜파구리 4입,4270,4.91
라면,농심 신라면 건면 5입,4380,4.91
라면,[농심] 멸치 칼국수(98g5입) 490g,3680,4.91
라면,[오뚜기] 열라면 5입 (120g*5입),3150,4.95
라면,[농심] 새우탕 컵면 (67g6입),3970,4.94
라면,오뚜기 오동통면 얼큰한맛 120gX4개,2480,4.94
라면,[팔도 Paldo] 비빔면 5입,4200,4.94
라면,삼양 까르보불닭볶음면 105g,1072,4.94
라면,No Brand [노브랜드] 라면 한 그릇 115gx5봉입,1980,4.84
라면,No Brand [노브랜드] 짜장라면 5개입,2280,4.85
라면,[농심] 김치 사발면 (86gx6),4500,4.94
라면,[농심] 짜파게티 범벅 (70g6입),4500,4.95
라면,농심 사리면 110g*5입,1380,4.91
라면,[팔도] 김치 왕뚜껑 110g,950,4.93
라면,풀무원 자연은맛있다 정면 4입,3380,4.83
라면,[오뚜기] 컵누들(매콤한맛) 37g,1070,4.94
라면,농심 생생우동봉지 4입,6980,4.94
라면,[농심] 튀김우동 큰사발 111g,1030,4.94
라면,풀무원 자연은맛있다 홍면 4입,3380,4.82
라면,농심 신라면 볶음면 131g*4입,3370,4.73
라면,[농심] 순한 너구리120gx5입,3670,4.94
라면,삼양 불닭볶음면 105g,1240,4.94
라면,팔도 틈새라면 빨계떡120g*5입,4400,4.93
라면,오뚜기 진라면 소컵 매운맛(65gX6개),3970,4.95
라면,오뚜기 육개장 큰컵 104g*6,3780,4.88
라면,No Brand 노브랜드 쌀국수 멸치맛 92g,980,4.8
라면,No Brand [노브랜드] 육개장컵라면 79g,500,4.88
라면,No Brand 노브랜드 쌀국수 얼큰한맛 92g,980,4.81
라면,오뚜기 컵누들 우동맛,1080,4.92
라면,오뚜기 컵누들 베트남쌀국수 47g,1350,4.85
라면,[농심] 오징어 짬뽕 컵 67g,790,4.94
라면,[삼양] 불닭 볶음면 (140gx5입),4680,4.94
라면,오뚜기 참깨라면 115gX4,4080,4.94
라면,[팔도] 짬뽕 왕뚜껑 110g,950,4.91
라면,[농심] 사리곰탕 큰사발면 111g,1030,4.93
라면,농심 무파마탕면 4입,3670,4.9
라면,[농심] 신라면 컵 65g,790,4.94
라면,[농심] 튀김 우동 컵 62g,790,4.94
라면,오뚜기 진진짜라135g*4,5480,4.88
라면,농심 짜왕 (134g*4입),5300,4.94
라면,컵누들 잔치쌀국수 컵 34.2g,1080,4.88
라면,삼양라면 매운맛 120gx5입,2480,4.87
라면,팔도일품삼선짜장120g*4입,2280,4.8
라면,[팔도 Paldo] 일품 해물라면 (120g*5개),2880,4.88
라면,[오뚜기] 스낵면 컵 62g,750,4.94
라면,쇠고기미역국라면 115gX4입,5480,4.89
라면,삼양 큰컵 4가지치즈불닭볶음면 110g,1120,4.88
라면,[오뚜기] 컵누들 매콤한맛 소컵 37.8g*6,6480,4.96
라면,[농심] 너구리 컵 (62g6입),4900,4.93
라면,[농심] 신라면 큰사발 114g,1030,4.94
라면,농심 신라면건면사발 4입,4960,4.89
라면,농심 생생우동용기276g*4입,7680,4.94
라면,[농심]신라면 블랙 536g(4입),5480,4.89
라면,오뚜기 진비빔면156g*4,3880,4.9
라면,농심 신라면건면사발,1240,4.86
라면,[삼양] 나가사끼 짬뽕 (115g*5입),4480,4.91
라면,[농심] 새우탕 컵면 67g,790,4.93
라면,팔도짜장면 203g*4,4280,4.91
라면,오뚜기 짜장면 135gX4개입,3380,4.91
라면,오뚜기 진라면 매운맛 용기 6입 (110gX6),5700,4.94
라면,오뚜기 김치라면 4입 480g,2350,4.9
라면,[팔도 Paldo] 왕뚜껑 소컵(65g*6입) 390g,4350,4.91
라면,PEACOCK [피코크] 구운 사리 면 320g(80g*4개입),1980,4.78
라면,No Brand 노브랜드 라면한그릇(얼큰한맛) 5입,2680,4.87
과자,PEACOCK (G)[피코크] 초콜릿 샌드위치 비스킷 135g,2980,4.91
과자,농심 새우깡 블랙,2300,4.68
과자,[농심] 새우깡90g,1020,4.95
과자,오리온 초코송이 36g*2번들,980,4.96
과자,몽쉘 크림케이크384g,4780,4.94
과자,해태 에이스스페셜모카블렌드364g,3180,4.9
과자,[롯데] 마가렛트오리지날396g,3950,4.94
과자,[오리온] 오징어 땅콩(오리지널) 202g,1680,4.93
과자,[크라운] 참크래커 280g,1980,4.94
과자,크라운쵸코하임 18개입 284g,3380,4.96
과자,[해태] 아이비 270g,3580,4.93
과자,오리온 썬 핫 스파이시 맛 135g,1680,4.95
과자,[오리온] 초코파이 정 새로운시작 18팩 702g (39g*18팩),5760,4.95
과자,[크라운] 버터와플 316g,2980,4.95
과자,크라운 콘칩 군옥수수맛 148G,1680,4.95
과자,[롯데] 칸쵸 196g,1780,4.95
과자,[오리온] 포카칩 오리지널 66g,1170,4.94
과자,No Brand 노브랜드 감자칩 오리지날 110g,890,4.9
과자,[해태] 홈런볼초코 5번들 230g,5980,4.96
과자,[JAJU/자주]신세계인터내셔날 점보 달고나,3500,4.9
과자,청우 플랑 딸기 160g,3980,4.88
과자,[크라운] 쿠크다스 화이트 토르테 36입 288g,2980,4.95
과자,크라운 신짱 씨앗호떡맛 200g,1980,4.81
과자,No Brand 노브랜드 고르곤졸라치즈 소프트콘 145g,1280,4.87
과자,[롯데] 칙촉 180g,2980,4.94
과자,몽쉘 카카오케이크 384g,4780,4.93
과자,[롯데] 빈츠 204g,3360,4.96
과자,[롯데] 애플쨈 쿠키 230g,1780,4.92
과자,해태 오예스18입540g,7180,4.97
과자,No Brand 노브랜드 자색고구마칩 110g,980,4.87
과자,농심 양파링 84g,1200,4.94
과자,[농심] 포스틱 84g,1200,4.95
과자,[농심] 매운새우깡 90g,990,4.95
과자,PEACOCK (G)[피코크] 초코밀크 타르트 비스킷225g,2086,4.87
과자,크라운 화이트하임 18개입 284g,3380,4.96
과자,오리온 스윙칩 갈릭디핑소스맛 124g,2380,4.81
과자,오리온 예감 오리지널 192g,2880,4.95
과자,[오리온] 왕고래밥 56g,980,4.95
과자,[농심] 알새우칩 68g,1180,4.94
과자,[오리온]  고래밥 볶음 양념 160G,1980,4.95
과자,해태 홈런볼그릭요거트4번들184g,4580,4.75
과자,롯데 꼬깔콘고소한맛144G,1680,4.94
과자,롯데 돼지바x찰떡파이210g,2980,4.84
과자,크라운 쿠크다스케이크 154g,2980,4.93
과자,[크라운] 마구마구 스낵모음 8팩,2980,4.94
과자,해태 에이스 364g,3980,4.96
과자,[농심] 꿀꽈배기 90g,1200,4.94
과자,[크라운] 땅콩카라멜 324g,4320,4.91
과자,해태 허니버터칩4번들 152g,2980,4.94
과자,롯데 치토스 매콤달콤한맛 82g,1000,4.93
과자,[농심] 자갈치90g,1200,4.94
과자,농심 조청유과 96g,1200,4.94
과자,오리온 더 탱글 마이구미 372g,4480,4.95
과자,No Brand 노브랜드 카스타드,3180,4.92
과자,농심 오징어집 83g,1200,4.95
과자,오리온 감자패밀리팩 180g,3980,4.95
과자,해태 오예스미니192g,2870,4.95
과자,크라운 참쌀설병 270g,4320,4.95
과자,농심 포테토칩 오리지널 4번들,2980,4.97
과자,오리온 쫀득한 찹쌀떡먹은 참붕어빵 232g,4320,4.93
과자,No Brand 노브랜드 라면스낵 250g,1980,4.8
과자,오리온 only생감자팩 180g,3980,4.94
과자,[해태] 맛동산(38g*8회) 304g,4640,4.94
과자,No Brand 노브랜드 초코파이 420g,1880,4.93
과자,PEACOCK 피코크 브라운치즈와플 288g,5980,4.88
과자,크라운 마이쮸 딸기복숭아 284g,2980,4.98
과자,No Brand 노브랜드 초코칩쿠키 400g,3480,4.78
과자,해태 연양갱 10입 550g,4980,4.92
과자,No Brand 노브랜드 고구마형과자 200g,980,4.91
과자,[JAJU/자주]신세계인터내셔날 달고나 25g,1500,4.88
과자,오리온 예감 볶은양파 204g,2880,4.96
과자,No Brand 노브랜드 버터&솔트 팝콘 100 g,980,4.92
과자,PEACOCK [피코크] 초코프레첼 80g,1980,4.91
과자,[농심] 닭다리 후라이드치킨맛 66g,1180,4.94
커피,(쓱배송)  [맥심] 모카골드 마일드 커피믹스 250입,27200,4.95
커피,칸타타 프리미엄라떼 390ml,1980,4.91
커피,(쓱배송)  [맥심] 카누 마일드 로스트 아메리카노 미니 150입,25800,4.97
커피,[매일] 바리스타룰스 에스프레소 라떼 250ml,1750,4.94
커피,[매일] 바리스타룰스 로-슈거 에스프레소 라떼 250ml,1750,4.95
커피,맥심 (쓱배송)  [맥심] 화이트골드 커피믹스 250입,27200,4.96
커피,[매일] 마이 카페라떼 220ml*6입 기획 (기획랜덤구성),5980,4.94
커피,동서식품(주) [맥심] 카누 마일드 로스트 아메리카노 미니 100입,19000,4.95
커피,동서식품(주) [맥심]카누 미니 다크 로스트 아메리카노 100입,19000,4.94
커피,동서식품(주) [맥심] 모카골드 마일드 커피믹스 180입 (12g*180입) (+20입 or 사은품 랜덤 증정),24650,4.91
커피,No Brand 노브랜드 콜롬비아 아메리카노 블랙 2.1L,2980,4.93
커피,[매일] 바리스타룰스 모카프레소 250ml,1750,4.93
커피,[서울우유] 스페셜티 카페라떼 마일드 250ml,1000,4.93
커피,칸타타 스위트 아메리카노 390ml,1980,4.92
커피,맥심 카누  마일드 미니 27g (0.9g*30입),5980,4.95
커피,서울우유 강릉커피 라떼 250ml,1980,4.86
커피,맥심 슈프림골드 커피믹스 20입,3980,4.79
커피,동서식품(주) 카누 돌체라떼 415.2g(24입),8700,4.91
커피,[맥심] 모카골드 마일드 커피믹스 (12g*100입),13900,4.93
커피,동서식품(주) [맥심]카누 디카페인 미니 아메리카노 30입,6160,4.92
커피,동서식품(주) [맥심]카누  디카페인 아메리카노 미니 100입,20900,4.95
커피,동서식품(주) [맥심] 모카골드 마일드 커피믹스 (12g*20입),3170,4.93
커피,동서식품(주) (쓱배송)  [맥심]카누 다크 아메리카노 미니 150입,25800,4.96
커피,동서식품(주) [맥심] 화이트골드 커피믹스 180입 (11.7g*180개) (+20입 or 사은품 랜덤 증정),25400,4.92
커피,맥심 슈프림골드 커피믹스 100입,17280,4.93
커피,No Brand 노브랜드 콜드브루 아메리카노 500m,1880,4.79
커피,[스타벅스] 카페 라떼 200ml,1900,4.94
커피,[맥심] 모카 골드 마일드 (12g*50입),7450,4.93
커피,[맥심]카누더블샷라떼 50입 (13.5g*50개입),16150,4.92
커피,맥심카누 다크로스트 아메리카노60입,15480,4.95
커피,[맥심]카누 라떼 50입 (13.5g*50개입),19000,4.95
커피,[서울우유] 스페셜티 카페라떼 모카 250ml,1000,4.92
커피,동서식품(주) [맥심] 화이트골드 커피믹스 (11.7g*20) 234g,3260,4.93
커피,동서식품(주) 카누 바닐라라떼 24입,10230,4.91
커피,일리 클래식로스트 미니 1g*30개,8980,4.9
커피,[스타벅스]  카페라떼 270ml,2450,4.94
커피,"동서식품(주) [맥심]모카골드 마일드 커피믹스 1,000입(250입X4개)",96480,4.96
커피,PEACOCK 피코크 브라질 세라도 엔와이투 200g (분쇄),4480,4.85
커피,[스타벅스] 더블샷 에스프레소&크림 (200ml*4캔),4780,4.92
커피,동서식품(주) [맥심] 모카골드 마일드 500g,18350,4.92
커피,맥심 카누 미니 마일드 로스트 스위트 아메리카노 100입 290g (2.9g*100입),20450,4.94
커피,PEACOCK 피코크 콜롬비아 안티오키아 수프리모 1kg (홀빈),21800,4.81
커피,[스타벅스]  네스프레소 하우스 블렌드,7700,4.93
커피,TOP 300ml*4입(볼드2+마일드2),3920,4.93
커피,동서식품(주) [맥심]  모카골드 부드러운 블랙믹스 100개입,9580,4.95
커피,[맥심] 디카페인 커피믹스 20입 240g (12g20입),3980,4.9
커피,No Brand [노브랜드] 카라멜 마끼아또 300ml,1280,4.88
커피,[매일]바리스타룰스 블랙 만델링 1L,4900,4.89
커피,동서식품(주) 카누 민트초코 라떼 415.2g(24입),8700,4.88
커피,[스타벅스]  네스프레소 디카프 에스프레소 로스트,7700,4.92
커피,[스타벅스]  하우스 블렌드 분쇄 원두 200g,10900,4.88
커피,맥심 카누 다크 미니 30입 3+1 기획제품,17960,4.94
커피,동서식품(주) 카누 티라미수라떼 24입,10230,4.87
커피,피코크소싱 [피코크] 에티오피아 예르가체프지투 500g 분쇄,8980,4.86
커피,동서식품(주) 카누 디카페인라떼 30입,11500,4.83
커피,[스타벅스]  네스프레소 싱글오리진 콜롬비아,7700,4.94
커피,[NESCAFE] 수프리모 150g,5590,4.91
커피,[맥심] 에스프레소 TOP 마스터 라떼 275ml,980,4.94
커피,[루카스나인] 더블샷라떼 30입,9980,4.91
커피,PEACOCK 피코크 브라질 세라도 엔와이투 1kg (홀빈),18800,4.83
커피,[스타벅스]  네스프레소 블론드 에스프레소 로스트,7700,4.95
커피,스타벅스 디카프 에스프레소 로스트 by 네스프레소 캡슐 57g (5.7g x 10개입),7700,4.92
커피,동서식품(주) [맥심] 모카골드 마일드 리필 170g,7380,4.92
커피,스타벅스 파이크 플레이스 by 네스프레소 캡슐 53g (5.3g x 10개입),7700,4.92
커피,[루카스나인] 바닐라라떼 30입,9980,4.92
제철과일,홍시 4~6입/팩 (750g내외),3480,4.7
제철과일,샤인머스캣 1.5kg/박스 (2~3송이),22500,4.54
제철과일,[필리핀산] Dole 스위티오 바나나 1.3kg내외,4980,4.84
제철과일,대추방울토마토 750g/팩,4900,4.83
제철과일,전주 신고배 3kg/박스,9980,4.64
제철과일,[콜롬비아산] 썬팜 골드 바나나 1송이 (1.1kg내외),2980,4.81
제철과일,강원 맑은청 방울토마토 750g/팩,4400,4.82
제철과일,샤인머스캣 500g/팩,7980,4.63
제철과일,[뉴질랜드산] 제스프리 썬골드키위 7~14입/팩 (1.1kg내외),12800,4.86
제철과일,E-MART FRESH 사과대추 500g/팩,6900,4.66
제철과일,단감 4~8입/봉 (1kg내외),3480,4.7
제철과일,타이벡 감귤 3kg/박스,12900,4.72
제철과일,달달 과즙 황금향 1.2kg/봉,9980,4.65
제철과일,[미국산] 청포도 900g/팩,8980,4.76
제철과일,GAP 영암무화과 16~20입 (1.2kg내외),10900,4.51
제철과일,[칠레산] 생블루베리 310g,8980,4.79
제철과일,더달콤 스테비아 토마토 550g/팩,8900,4.76
제철과일,완숙토마토 6~8입/팩 (1.2kg),7900,4.82
제철과일,머스크 메론 1통 (1.6kg이상),8980,4.64
제철과일,저탄소인증 햇사과 1kg이상/봉,5480,4.7
제철과일,허니토마토 500g/팩,4900,4.76
제철과일,[국산의 힘] 무지개 방울토마토 900g/팩,5900,4.81
제철과일,[미국산] 냉동 블루베리 1.5kg/봉,11800,4.89
제철과일,[필리핀산] Dole 바나나 1.3kg내외,3980,4.83
제철과일,[필리핀산] 델몬트 컷파인애플 540g,6980,4.83
제철과일,당찬사과 4~7입/봉 (1.3kg),9980,4.82
제철과일,[페루산] 스미후루 순 유기농 바나나 1묶음 (1.1kg 내외),3980,4.72
제철과일,[필리핀산] 신세계푸드 스카이 고산지 바나나 1kg내외,3980,4.74
제철과일,[뉴질랜드산] 제스프리 그린키위/팩 (1kg내외),7980,4.84
제철과일,[칠레산] 레몬 9~15입/봉 (1.4kg 내외),8980,4.75
제철과일,[미국산] 블랙사파이어 900g/팩,8980,4.63
제철과일,[미국산] 혼합포도 1.36kg/팩,12980,4.61
제철과일,친환경 방울토마토 600g/팩,4280,4.78
제철과일,자연맛남 [금주특가][자연맛남] 제주직송 햇 감귤 4.5kg 로열과 (S-M/실중량),9500,4.47
제철과일,크리스피 리얼칩스 5믹스 180g,5900,4.82
제철과일,[태국산] 망고 2입/팩 (700g내외),9980,4.68
아이스크림,상하목장 얼려먹는 아이스크림 밀크 510ml,5980,4.82
아이스크림,상하목장 얼려먹는 아이스주스 망고 510ml,5980,4.91
아이스크림,"롯데 찰떡아이스90ml*5(★6,000→4,000)",4000,4.9
아이스크림,빙그레  떡붕어싸만코 150ml*5,6000,4.91
아이스크림,[빙그레] 더 엑설런트 오리지널 800ml,5980,4.89
아이스크림,빙그레  그라시아 쿠앤크 710ml,3500,4.88
아이스크림,[롯데] 월드콘 멀티(160ml*5입),6000,4.89
아이스크림,빙그레  투게더  아이스크림 900ml,5490,4.92
아이스크림,[나뚜루] 녹차 아이스크림 파인트 474ml,11600,4.88
아이스크림,[롯데] 셀렉션  아이스크림 500ml,4000,4.88
아이스크림,No Brand 노브랜드초코칩아이스크림660ml,4180,4.9
아이스크림,[롯데푸드] 구구 오리지널 460ml (92ml*5입),4000,4.9
아이스크림,[빙그레] 슈퍼콘 초코 750ml(150ml*5개),3500,4.86
아이스크림,구구 크러스터660ml,4000,4.91
아이스크림,[롯데푸드] 구구콘 아이스크림 5개입 800ml (160ml*5입),4000,4.87
아이스크림,[롯데] 티코 밀크 초코 510ml,5000,4.91
아이스크림,[빙그레] 메로나 75ml*8,3430,4.91
아이스크림,롯데  티코 다크 초코 510ml,5000,4.91
아이스크림,[빙그레] 비비빅 70ml*8,3430,4.9
아이스크림,하겐다즈 그린티 아몬드 멀티바 240ml(80ml*3개),12500,4.83
아이스크림,PEACOCK 피코크 욜로우 민트초코칩 474ml,5980,4.58
아이스크림,빙그레  빵또아 180ml*5,6000,4.89
아이스크림,[롯데] 조안나 바닐라 850ml,4000,4.9
아이스크림,나뚜루  초코 아이스크림 파인트 474ml,11600,4.89
아이스크림,[롯데] 스크류바 75mlx6개,3600,4.93
아이스크림,No Brand 노브랜드 리얼콘바닐라160ml*5,3580,4.77
아이스크림,해태아이스크림 해태 누가바 63ml*6,3600,4.91
아이스크림,롯데 일품 팥빙수,1500,4.88
아이스크림,하겐다즈 마카다미아넛 473ml 파인트,12500,4.87
아이스크림,빼빼로바 크런키 4입,4800,4.83
아이스크림,[롯데] 위즐 커피 초코 퍼지 아이스크림 660ml,4000,4.89
아이스크림,조안나바,6000,4.9
아이스크림,[빙그레] 끌레도르 클렌라벨 커피파인트 474ml,4900,4.9
아이스크림,PEACOCK 피코크 욜로우 녹차 474ml,5980,4.58
아이스크림,하겐다즈 초콜릿 473ml 파인트,12500,4.87
아이스크림,[끌레도르]초코프레첼&브라우니 파인트 474ml,5800,4.71
아이스크림,[롯데]죠스바 6입,3600,4.93
아이스크림,해태 팽이팽이 280ml,5000,4.8
아이스크림,No Brand 노브랜드상큼한딸기아이스5L,12980,4.86
아이스크림,[롯데제과] 라이스크림,3500,4.77
아이스크림,PEACOCK 피코크 욜로우 초코 474ml,5980,4.67
아이스크림,롯데  위즐 바닐라 피칸 아이스크림 660ml,4000,4.82
아이스크림,[하겐다즈]그린티 473ml 파인트,12500,4.88
아이스크림,[롯데]옥동자 70ml*6,3600,4.88
아이스크림,PEACOCK 피코크 욜로우 딸기 474ml,5980,4.51
아이스크림,PEACOCK 피코크 유기농 바닐라 아이스크림 474ml,7980,4.81
아이스크림,PEACOCK 피코크 유기농 딸기아이스크림 474ml,7980,4.0
아이스크림,PEACOCK 피코크 욜로우 바닐라 474ml,5980,4.55
아이스크림,[해태] 부라보콘 화이트바닐라 140ml*5ea,6000,4.84
아이스크림,와일드바디바멀티 70ml*6,3600,4.9
아이스크림,[빙그레] 끌레도르 클린라벨 초코파인트 474ml,4900,4.67
아이스크림,해태 호두마루 660ml,4000,4.87
아이스크림,하겐다즈 피넛버터 크런치 473ml 파인트,12500,4.83
아이스크림,하겐다즈 딸기 치즈 케익 473ml 파인트,12500,4.75
아이스크림,[끌레도르]더블쿠키페스티벌 파인트474ml,5800,4.72
아이스크림,[롯데삼강] 찰떡 국화빵(150ml*5) 750ml,4000,4.87
돼지고기,"No Brand [노브랜드][냉동] 삼겹살 바로구이 (1,000g)",12900,4.88
돼지고기,국내산 삼겹살 구이용 (100g),2380,4.85
돼지고기,국내산 돈목심 구이용 (100g),2380,4.9
돼지고기,국내산 삼겹살 수육용 (100g),2380,4.81
돼지고기,"No Brand [노브랜드][냉동] 돼지 목심 바로구이 (1,000g)",10900,4.87
돼지고기,국내산 돈등심 카레용 (100g) (팩),1480,4.92
돼지고기,국내산 삼겹살 찌개용 (100g),2380,4.85
돼지고기,"[냉동][스페인산] 뼈없는 대패 삼겹살 (1,000g)",12980,4.89
돼지고기,국내산 돈뒷다리 다짐육 (100g) (팩),880,4.92
돼지고기,국내산 돈등심 잡채용 (100g) (팩),1480,4.9
돼지고기,[국산의힘][냉동] 얼룩도야지 두툼 삼겹살 (350g),8780,4.86
돼지고기,[더느림] 돈앞다리 (100g),1780,4.83
돼지고기,국내산 두툼 삼겹살 구이용 (100g),2380,4.86
돼지고기,[냉동][미국산] 소스와 볶아먹는 매콤달콤 제육볶음 (600g),8080,4.86
돼지고기,No Brand [노브랜드][냉동] 감자탕용 등뼈 (1.5kg),4980,4.86
돼지고기,[맥돈] 돈앞다리 (100g),1780,4.85
돼지고기,무항생제 삼겹살 구이용 (100g) (팩),3180,4.83
돼지고기,[더느림] 돈등갈비 (100g),3980,4.87
돼지고기,[국산의힘][냉동] 얼룩도야지 목심 (350g),8780,4.87
돼지고기,[국산의힘][냉동] 얼룩도야지 돈마호크 (350g),6980,5.0
돼지고기,무항생제 돈앞다리 수육용 (100g) (팩),1580,4.83
돼지고기,[국내산 냉장][한돈][산수골목장] 삼겹살 500g,16500,4.66
돼지고기,무항생제 삼겹살 수육용 (100g) (팩),3180,4.77
돼지고기,[냉동] 국내산 삼겹살 (800g),17480,4.72
돼지고기,[더느림]  삼겹살 (100g),3580,4.83
돼지고기,무항생제 돈갈비찜용 (100g) (팩),1680,4.73
돼지고기,무항생제 돈목심 구이용 (100g) (팩),3180,4.93
돼지고기,무항생제 돈앞다리 불고기용 (100g) (팩),1580,4.77
닭고기,"No Brand [노브랜드][냉동] 닭가슴살 (1,000g)",5900,4.93
닭고기,[하림] 무항생제 두마리 영계 1kg (500g*2),8980,4.89
닭고기,"[하림] 무항생제 닭 (볶음탕용) (1,000g)",6980,4.92
닭고기,"No Brand [노브랜드][냉동] 닭안심 (1,000g)",5900,4.92
닭고기,[하림] 무항생제 닭다리살 (정육) (400g),7980,4.93
닭고기,[하림] 무항생제 닭안심 (400g),5980,4.94
닭고기,[하림] 무항생제 닭가슴살 (400g),5980,4.92
닭고기,CJ 더건강한 닭가슴살 직화 통살구이 100g,2980,4.93
닭고기,대림 사조안심 닭가슴살 블랙페퍼 100g,1980,4.92
닭고기,"[하림] 토종닭 (백숙용) (1,050g)",10980,4.89
닭고기,CJ 더건강한 닭가슴살 직화 스테이크 100g,2980,4.87
닭고기,[대림]사조안심 닭가슴살 훈제 100g,1980,4.89
닭고기,"[체리부로] 무항생제 닭 (백숙용) (1,000g)",6880,3.86
닭고기,[마니커] 무항생제 닭 (볶음탕용) (800g),6280,4.89
닭고기,"[하림] 동물복지 닭 (백숙용) (1,000g)",7980,4.9
닭고기,"[마니커][냉동] 무항생제 닭가슴살 (1,000g)",6980,4.85
닭고기,하림 닭가슴훈제100g,2080,4.92
닭고기,[마니커] 무항생제 닭 (백숙용) (800g),6980,4.89
닭고기,[마니커][냉동] 초간단 닭발 (250g),4880,4.88
닭고기,[마니커][냉동] 무항생제 닭봉 (800g),8980,4.9
닭고기,[마니커] 무항생제 닭다리 (북채) (600g),8980,4.91
닭고기,"[마니커][냉동] 무항생제 닭안심 (1,000g)",6980,4.56
닭고기,[하림] 매콤한 뼈없는 닭발 (300g),7980,4.82
닭고기,[하림] 프리미엄하얀속살햄100g3,5800,4.89
닭고기,[마니커][냉동] 무항생제 닭윙 (800g),8980,4.88
닭고기,교촌1991 [BEST Fresh][교촌] 치킨 맛집 교촌의 닭가슴살 골라담기★사은품 증정,990,4.95
닭고기,[마니커] 무항생제 닭윗날개 (봉) (600g),9480,4.86
닭고기,PEACOCK [피코크] 매운 바베큐 닭다리 165g,2980,4.88
닭고기,[마니커] 무항생제 닭아랫날개 (윙) (600g),9480,4.94
닭고기,"[우리땅] 토종닭 (볶음탕용) (1,000g)",9980,4.77
닭고기,[마니커] 닭근위 (400g),3980,4.89
닭고기,테미즈 [BEST Fresh][두메산골]당일손질 냉장 닭다리살(정육)1kg+1kg(2kg),20900,4.82
닭고기,하림 [냉동] ★신제품★ 하림e닭 촉촉함이 살아있는 닭가슴살 원물/소시지/스테이크/큐브 18종 골라담기,1690,4.76
닭고기,에그파파 [BEST Fresh]에그파파 100% 국내산 신선 냉장 닭가슴살 1kg,4900,4.86
닭고기,[마니커][냉동] 초간단 근위 (330g),4680,4.87
우유,PEACOCK 피코크 에이 클래스 우유 900ml (1A등급)(매일유업),1984,4.92
우유,[서울우유] 서울우유 1000ml 나100%,2710,4.94
우유,[서울우유] 서울우유 2.3L,6350,4.95
우유,PEACOCK 피코크 에이 클래스 우유 2.3L (1A등급)(남양유업),4624,4.89
우유,[서울우유] 후레쉬 밀크 기획(900ml*2) 1800ml,4450,4.95
우유,[서울우유] 목장의 신선함이 살아있는 우유 1L,3240,4.94
우유,매일유업 [매일] 소화가 잘되는 우유 930ml,3290,4.94
우유,남양유업 맛있는우유GT 멸균 200ml*24,10980,4.92
우유,서울우유 커피포리 200ml* 4입,3490,4.92
우유,서울우유 1.8L,4990,4.94
우유,"No Brand 노브랜드 굿모닝 굿밀크1,000ml",1580,4.94
우유,No Brand [노브랜드] 1A 우유 900mL,1980,4.92
우유,[빙그레] 바나나맛 우유(240ml4개) 960ml,4880,4.94
우유,PEACOCK 피코크 더 클래스 우유 900ml (1등급)(남양유업),1888,4.88
우유,[매일] 소화가 잘되는 저지방 우유 930ml,3290,4.94
우유,[파스퇴르] 파스퇴르 우유 2.3L,5980,4.94
우유,서울우유 그린라벨 (1L*2입),5680,4.9
우유,파스퇴르 후레쉬 우유 2입(900ml*2),5980,4.93
우유,남양유업 [남양] 맛있는 우유 GT 900ml×2,4980,4.94
우유,서울 커피우유 200ml*3입,2640,4.93
우유,[서울우유] 서울우유 (200ml*3개),2640,4.94
우유,[덴마크] 대니쉬 the건강한우유(900ml*2) 1800ml,4280,4.93
우유,매일유업 [매일] 소화가 잘되는 멸균우유 (190ml16),12480,4.94
우유,[서울우유] 저지방 우유 1800ml,5290,4.92
우유,서울 초코우유 200ml*3입,2640,4.95
우유,매일유업 [매일] 아몬드브리즈 오리지널 950ml,2780,4.91
우유,매일유업 매일 오리지널  900ml,2610,4.95
우유,[파스퇴르] 후레쉬우유(200ml*3입) 600ml,2380,4.95
우유,[빙그레] 바나나맛 우유 Value 6팩(240ml*6개) 1440ml,6880,4.94
우유,[빙그레] 바나나 스페셜(240ml*6개) 1440ml,6880,4.93
우유,매일유업 매일우유 저지방 1% 멸균(200mL X 24입),14800,4.92
우유,상하목장 유기농우유 900ml,4580,4.95
우유,남양유업 [남양] 고소한 저지방우유 900ml*2,4680,4.91
우유,매일유업 [매일] 오리지널(200ml*3개) 600ml,2270,4.95
우유,매일유업 [매일] 소화가잘되는우유 멸균 (190ml*6입),5680,4.93
우유,[서울우유] 목장의 신선함이 살아 있는 저지방 1L,3300,4.93
우유,남양유업 [남양] 고소한 락토프리 우유 900ml,3250,4.91
우유,[빙그레] 바나나맛 우유 라이트(240ml4개) 960ml,4900,4.92
우유,매일유업 매일 저지방 1% 900mL,2610,4.92
우유,아몬드브리즈 오리지널 190ml*6입,3780,4.97
우유,[덴마크] 대니쉬 the건강한 저지방우유 1.8L,4480,4.89
우유,남양 락토프리우유 900ml*2입,4280,4.77
우유,상하목장 유기농 우유 500ml (125ml*4입),4400,4.97
우유,매일유업 우유속에 코코아과즙 300ml 3입 기획,2980,4.95
우유,상하목장 유기농 멸균우유 1200ml (200ml*6),7400,4.93
우유,상하목장 유기농 저지방우유 900ml,4580,4.93
우유,매일유업 [매일] ESL 우유 500ml,1580,4.93
우유,파스퇴르 소화가 잘되는 우유(700ml*2입),5480,4.84
우유,매일유업 매일 멸균 소화가잘되는 저지방우유 6입,5680,4.94
우유,남양 맛있는우유GT 슈퍼밀크 900ml*2,5180,4.89
우유,상하목장 유기농 우유 750ml,4980,4.92
우유,서울 귀리우유 750ml,2680,4.87
우유,오틀리 오트 드링크 초콜릿맛 1L,6880,4.82
우유,매일유업 매일 소화가 잘되는우유 초콜릿 190ml*6입,5380,4.92
우유,작센 [독일공식수입 작센우유] 멸균우유 유지방1.5% 1000mlx12개입 (총12L),18540,4.72
우유,매일유업 매일우유 저지방 1% 1.5L,4390,4.94
우유,작센 [독일공식수입 작센우유] 멸균우유 유지방3.5% 1000mlx12개입 (총12L),19800,4.79
우유,상하목장 유기농 딸기우유 500ml (125ml*4입),4400,4.97
우유,상하 무항생제 저온살균 우유 저지방 900ml,3500,4.8
우유,서울우유 유기농 우유 700ml,3980,4.56
세제,[유한] 펑크린 (1.5ℓ + 200ml),2990,4.93
세제,No Brand [노브랜드] 더 경제적인 주방 세제 4L,4580,4.89
세제,다우니 고농축 섬유유연제 엑스퍼트 2L(실내건조),11500,4.92
세제,비트 트리플 액션 2.8L,13900,4.92
세제,프릴 맑은 식초 750ML(상큼한라임),7500,4.9
세제,리큐 진한겔 베이킹소다 2.7L 드럼,11900,4.92
세제,테크 베이킹구연산 2.4L*2 겸용,14900,4.91
세제,[유한락스] 레귤러 3.5L,5930,4.93
세제,퐁퐁 베이킹소다 1200ml 리필,4900,4.93
세제,아우라 섬유유연제 2.6L(윌유메리미),7900,4.92
세제,홈스타 락스와 세제 후로랄 파인 (750ml),3900,4.92
세제,프릴 맑은 식초 750ML(산뜻한자몽),7500,4.92
세제,프릴 맑은 식초 상큼한 라임향 1L,7500,4.88
세제,No Brand 노브랜드 깨끗한 락스4.3L,3380,4.92
세제,LG생활건강  한입 과탄산소다 2KG,9900,4.92
세제,자연퐁 주방세제 오렌지 1570ML,8900,4.92
세제,[유한락스] 욕실청소용 900ml*2,7690,4.9
세제,[홈스타] 욕실세정용 900ML,6900,4.89
세제,다우니 고농축 섬유유연제 엑스퍼트 2.6L(실내건조),16400,4.96
세제,LG생활건강  한입 베이킹소다 4KG,9900,4.93
세제,테크 울드라이 1.3L 리필,3900,4.92
세제,자연퐁 주방세제 제균솔잎 1570ML,8900,4.92
세제,[유한락스] 레귤러 500ML,1190,4.93
세제,리큐 진한겔 베이킹소다 2.7L(일반),11900,4.91
세제,테크 분말세탁세제 4KG,10900,4.91
세제,LG생활건강 테크 특유취제거 2.7L 드럼,16900,4.84
세제,프릴 맑은 식초 1L(산뜻한자몽),7500,4.92
세제,[유한락스] 후레쉬 락스 1.5L,3410,4.93
세제,백광 파워 트래펑 2L,4500,4.9
세제,홈스타 변기세정제40G X 4P,3300,4.85
세제,아우라 섬유유연제 2.6L(스모키머스크),7900,4.93
세제,홈스타 싱크대배수관 세정제(1회분),7900,4.83
세제,홈스타 버블워시 세탁조 클리너 100G*2,3900,4.88
세제,[애경] 울샴푸 오리지널 리필 1.8L,7800,4.92
세제,LG생활건강 테크 특유취제거 2.7L 일반,16900,4.86
세제,다우니 퍼퓸 초고농축 섬유유연제 2L(블랙 미스티크),13800,4.91
세제,홈스타 락스와세제 750ml (시트러스),3900,4.9
세제,프릴 베이킹소다 퓨어레몬 1L,6500,4.9
세제,No Brand [노브랜드] 액체세제 용기 2.5L(일반용),4980,4.9
세제,메소드 주방세제 리필1000ml(레몬민트),4940,4.93
세제,No Brand 파워 배수관세척제2L,3280,4.9
세제,다우니 프리미엄 세탁세제 2L(실내건조),18600,4.92
세제,홈스타 세면대 배수관 클리너,7900,4.86
세제,LG생활건강 피지 파워젤 세제 프레쉬2.7L,19900,4.91
세제,LG생활건강  한입 구연산 2KG,9900,4.92
세제,No Brand 노브랜드 표백비누 450g,980,4.88
세제,샤프란 아로마 리필 2.1L_구연산,2750,4.93
세제,[홈스타] 바르면 곰팡이 싹 120ml,3900,4.89
세제,비트 실내건조 분말세탁세제 4.2KG,9900,4.9
세제,프릴 베이킹소다 퓨어레몬 750ML 용기,6500,4.9
세제,유한락스 주방청소900ML*2,7690,4.87
세제,참그린 유럽에서온 베이킹소다&구연산 주방세제1.2L 리필,2450,4.9
세제,헨켈 퍼실 라벤더  2.7L(일반용),12000,4.92
세제,다우니 초고농축 섬유유연제 2.6L(블루 레몬그라스와 달콤한 라일락 향),13300,4.93
세제,No Brand 주방세제1L,2980,4.89
세제,유한젠 표백제 1.8L,9680,4.88
세제,LG생활건강 [홈스타] 착붙는 락스 스프레이 900ml,6900,4.84
세제,No Brand [노브랜드] 액체세제 리필 2.1L (일반용),3980,4.9
세제,다우니 퍼퓸 초고농축 섬유유연제 2L(스프링 가든 러브),13800,4.94
세제,홈스타 속 시원한 변기클리너(1회분),7900,4.79
세제,퍼실 퓨어프레쉬 딥클린 용기 2.7L (드럼),25800,4.88
세제,No Brand 노브랜드 속옷비누 150g,780,4.88
화장지,No Brand 노브랜드 도톰한 물티슈 100매,980,4.93
화장지,★쓱데이★크리넥스 3겹 데코&소프트 30m*30롤,17910,4.92
화장지,No Brand 노브랜드 키친타올 200매*6롤,4900,4.93
화장지,No Brand [노브랜드] 깨끗한 물티슈 100매,880,4.88
화장지,★쓱데이★크리넥스 울트라클린 화이트 비데 3겹 30m*30롤,20748,4.9
화장지,크리넥스 순수소프트내추럴 3겹 30m*30롤,18900,4.9
화장지,[코디] 순한 3겹데코 33m*30롤,16800,4.88
화장지,크리넥스 키친타월 150매*6롤,4950,4.91
화장지,크리넥스 디럭스미니 카카오230매6입,8112,4.9
화장지,크리넥스 실크소프트 미용티슈 230매 *6입,8829,4.91
화장지,크리넥스 마이비데 물티슈 42매*6입,12150,4.92
화장지,깨끗한나라 물티슈100매6입(캡형),9900,4.92
화장지,[크리넥스] 내츄럴소프트 미용티슈 270매6입,15500,4.92
화장지,크리넥스 수앤수 코튼클린 오리지널캡 80x6,11610,4.89
화장지,그루 키친타올 230매*4입,3980,4.91
화장지,[코디] 키친타올 150매*6롤,7600,4.91
화장지,크리넥스 뽑아쓰는키친타올140매*4입,9720,4.91
화장지,깨끗한나라 순수 시그니처 4겹 25m*30롤,27900,4.87
화장지,코디  데코레이션 화장지 45m*30롤,16800,4.77
화장지,깨끗한나라 99.9% 손소독물티슈60매(캡),3900,4.89
화장지,크리넥스 안심 프리미엄 3겹 키친타올 140매x4롤,5310,4.9
화장지,코디 뽑아쓰는 키친타월 150*4,5890,4.94
화장지,깨끗한나라 키친타올150매4+4입(2겹),5900,4.9
화장지,크리넥스 3겹 더건강한케어 30M*30롤,35900,4.72
화장지,No Brand 노브랜드 Suprise 3겹 화장지 27m*36롤,10980,4.89
화장지,크리넥스 마이비데 물티슈(캡) 46매*4입,10900,4.92
화장지,크리넥스 내추럴소프트 숲속향 250매6입,10710,4.89
화장지,이마트24 민생화장지 3겹 27M *30롤,8820,4.86
화장지,[코디] 내추럴 미용티슈 230매*6입,10800,4.89
화장지,코디 비데&클린 화장지 30m*36롤,25800,4.89
화장지,크리넥스 안심물티슈60매(캡),2600,4.89
화장지,★10/25~27 쓱데이 10% 할인★ 깨끗한나라 아이리스 30M 30롤,14850,4.89
화장지,코디 기름먹는 키친타올 140*6,4900,4.89
화장지,그루3겹데코 33M30롤,13900,4.84
화장지,깨끗한나라  순수 소프티 미용티슈 260매*6입,8900,4.87
화장지,이마트24 민생화장지 3겹 40M *12롤,5310,4.88
화장지,코디 해피퍼피 미용티슈 250매*6입,8500,4.91
화장지,크리넥스  뉴 수앤수 실키소프트 오리지날캡 70매 6입,11610,4.88
화장지,진로두꺼비 천연펄프 화장지 30m*30롤,11610,4.79
화장지,No Brand 노브랜드 스마트 미용티슈 200매*4입,3780,4.89
화장지,크리넥스 안심 손소독티슈 30+2매,2100,4.81
화장지,깨끗한나라 촉앤감케어 3겹 30m*30롤,25900,4.9
화장지,"코디 고창황토(특허받은 화장지)30m X 30롤 2팩(천연펄프, 무료배송)",33500,4.9
화장지,더도톰한 리트리 물티슈(캡) 100매6입,13900,4.92
화장지,No Brand [노브랜드] 로션 미용티슈 200매*3개입,4480,4.89
화장지,이마트24 [민생]한아름 물티슈 200매(캡형),1350,4.79
화장지,이마트24 민생 미용티슈 250매×3입,3510,4.8
화장지,크리넥스 수앤수 20매 카카오(색상랜덤발송),1100,4.92
화장지,No Brand 노브랜드 도톰한 3겹 키친타월 150매*4롤,4880,4.89
화장지,No Brand 노브랜드 Lotion&Soft 3겹 화장지 27M*12롤,6980,4.84
화장지,유한킴벌리 크리넥스 3겹 천연펄프 데코&소프트 화장지 37M-24롤x2팩,36005,4.83
화장지,크리넥스 마이비데 카카오 캡 40매,2000,4.92
화장지,크리넥스 마이비데 키즈 캡 42매x4,10900,4.93
화장지,코디 홈냅킨 100매*6입,3890,4.83
화장지,크리넥스 수앤수 카카오라이언80매(캡),2000,4.89
화장지,잘풀리는집 깨끗한3겹 순&순 30m*30롤,15900,4.89
화장지,랩신 V3 손소독티슈 60매,5900,4.84
화장지,코디 올록볼록 점보롤티슈 300Mx4롤,10500,4.89
화장지,No Brand 노브랜드 비데물티슈 60매 (캡형),3280,4.92
화장지,SHYRILLA 샤이릴라 여행용 티슈 70매*3입,1500,4.91
화장지,깨끗한나라 라인프렌즈 휴대용 20매,1000,4.92
화장지,No Brand [노브랜드] 빨아쓰는 행주(30매),3380,4.92
화장지,코디 시카 로션 티슈 200*4,7490,4.93
화장지,크리넥스 (전국택배) 크리넥스 순수소프트내추럴 3겹 30m*30롤[NEO.2],18900,4.86
뷰티케어,[아비노] 스킨 릴리프 모이스춰라이징 로션 354ml,19900,4.87
뷰티케어,비욘드 (SSG단독) 비욘드 클래식 핸드크림 기프트 세트(Thank You Edition),6800,4.8
뷰티케어,니베아 스무드 바디 로션 400ml,13900,4.9
뷰티케어,세타필로션 591ml+(29ml*2),18000,4.91
뷰티케어,니베아 리페어 & 케어 리치 바디 크림 300ml,13900,4.86
뷰티케어,니베아 인샤워 바디로션 나리싱_400ml (건조한피부용),13900,4.82
뷰티케어,해피바스 어성초 모공 클렌징폼 200G,3900,4.89
뷰티케어,니베아 익스프레스 바디 로션 400ml,13900,4.86
뷰티케어,일리윤 세라마이드 아토 로션 528ML,14900,4.93
뷰티케어,[이마트가 직접 수입한]아이보리비누 90g*3입,2205,4.88
뷰티케어,[아트릭스] 핸드 앤드 네일 로션 (400ml),5450,4.86
뷰티케어,아이!깨끗해 클린머스크 향 200ml,4500,5.0
뷰티케어,해피바스 정말 촉촉한 바디밀크 450ml,3900,4.88
뷰티케어,라이프보이 손소독제 500ml,1560,4.78
뷰티케어,스파 히말라야 핑크쏠트 클렌징 폼 200G,3900,4.79
뷰티케어,온더바디 쉐어버터 코튼 바디로션 1000ml,9900,4.86
뷰티케어,No Brand [노브랜드] 부드럽고 촉촉한 핸드크림100ml,2980,4.88
뷰티케어,센카 퍼펙트 휩 페이셜워시,16000,4.92
뷰티케어,아크네스 더마 릴리프 모이스처 폼클렌저,15000,4.84
뷰티케어,온더바디 쉐어버터 바닐라 바디로션 1000ml,9900,4.87
뷰티케어,[바세린] 퓨어스킨젤리 오리지날 50ml,2200,4.93
뷰티케어,해피바스 라이스 보습 클렌징폼 200G,3900,4.83
뷰티케어,일리윤 오일스무딩바디로션 350ml,9900,4.92
뷰티케어,일리윤 세라마이드아토로션350ML,11900,4.89
뷰티케어,[클린앤클리어] 딥 액션 폼클렌져,8900,4.91
뷰티케어,[클린앤클리어] 훼이셜 포밍클렌져 150ml,7200,4.91
뷰티케어,니베아 [아트릭스] 스트롱 프로텍션 크림 250ml,5700,4.91
뷰티케어,카밀 핸드크림 베스트 트리오 기획세트,12400,4.88
뷰티케어,일리윤 울트라리페어 로션 528ml,14900,4.87
뷰티케어,피지오겔 DMT 크림 150ml,27800,4.87
뷰티케어,뉴트로지나 인텐스리페어 핸드크림 56g,7900,4.91
뷰티케어,[무궁화] 허니&율피 때비누,1050,4.76
뷰티케어,[아트릭스] 핸드 앤 네일케어 100ml,3500,4.83
뷰티케어,온더바디 더내추럴 코코넛 바디로션 400ml,4900,4.81
뷰티케어,해피바스 대나무숯 피지흡착 클렌징폼 200G,3900,4.71
뷰티케어,[바세린] 헬씨핸드앤스트롱거네일 60ml,2700,4.77
뷰티케어,[뉴트로지나] 딥클린 클렌징오일 200ml,17900,4.82
뷰티케어,유니레버 바세린 바디로션450mlx2개,10137,4.86
뷰티케어,뉴트로지나 인텐스 리페어 핸드크림 56g 2번들,13400,4.9
뷰티케어,니베아 올리브 핸드 크림 75ml,3500,4.82
뷰티케어,뉴트로지나 인텐스리페어 풋크림 56G,8900,4.91
뷰티케어,카밀  핸드&네일 크림 클래식_100ml 1+1,7650,4.92
뷰티케어,[아비노] 스트레스 릴리프 모이스춰라이징 로션 354ml,19900,4.87
뷰티케어,아이오페 [본사직영정품] 아이오페 슈퍼바이탈 크림 리치 세트,85000,4.96
뷰티케어,센카 퍼펙트 휩 페이셜워시,8900,4.92
뷰티케어,랩신 V3 새니타이저 겔 500ml,6900,4.86
뷰티케어,소울시즌스  오렌지 블리스 바디 로션 300ml,33300,5.0
뷰티케어,바세린 드라이 스킨 리페어 로션 400ML,14900,4.64
뷰티케어,[뉴트로지나] 딥클린 에너자이징 폼클렌져 100g,10200,4.89
뷰티케어,피지오겔 레드수딩AI크림 100ml,26400,4.5
뷰티케어,라이스테라피 쌀눈 맑은 버블폼 300ml,6900,4.88
뷰티케어,뉴트로지나 데일리 바디 로션 450ml,17900,4.89
뷰티케어,[무궁화] 5곡 때비누,1050,4.93
뷰티케어,피지오겔 DMT 바디로션 400ml,27450,4.86
뷰티케어,일리윤 영양스민 꿀 마스크 7매,5500,4.97
뷰티케어,해피바스 비타민 C 히알루론 딥 클렌징 폼 500ml,10900,4.93
뷰티케어,바이오더마 FRIENDS PACK 1 ( 센시비오 H2O 500ml + [정품증정]센시비오 H2O 500ml ),23085,4.89
뷰티케어,온더바디 더내추럴 순한 아보카도 클렌징폼 200,3950,5.0
뷰티케어,일리윤 동백 오일 영양 마스크기획10매,4950,4.84
뷰티케어,미즈온 핸드 앤 풋 크림+ 챠콜블랙마스크팩 10매 증정!!(2021 하이서울어워드 혁신상품),2160,5.0
뷰티케어,뉴트로지나 릴랙싱 바디 로션 450ml,17900,4.89
뷰티케어,일리윤 토탈에이징케어 인텐스로션 350ML,9900,4.9
뷰티케어,일리윤 세라마이드아토집중크림 500ML,20000,4.88
뷰티케어,온더바디 더내추럴 산뜻한 레몬 클렌징폼 200,3950,4.86
뷰티케어,니베아 리치 나리싱 바디오일,6450,4.81
뷰티케어,에스트라 에스트라 아토베리어365 크림 80ml 듀오 선물 세트,39200,5.0
뷰티케어,[해피바스] 정말 촉촉한 바디오일 250ML,9900,4.9
뷰티케어,일상닥터 손소독제50ml,2490,4.84
뷰티케어,해피바스 비타민 C 메이크업 클렌징 오일 투 폼 500ml,10900,4.78
등산용품,[하루온팩] 손난로핫팩 10입 (100g),6900,5.0
등산용품,[하루온팩] 파스형핫팩 10입 (50g),5900,5.0
등산용품,[불곰팩] 손난로핫팩 5입 (특대형/중형),3900,4.75
등산용품,도이터 타트팬츠(남),19000,4.2
등산용품,"도이터 몰타자켓(남)_2.5레이어 발수,투습 자켓",49000,5.0
등산용품,[화롯불] 손난로핫팩 5입 (대형/중형),3900,4.91
등산용품,도이터 후투 플리스 자켓(여),39000,4.0
등산용품,다봉산업 마이핫 보온대 핫팩 160g x 100팩,58017,5.0
등산용품,레드페이스  남성 그리드 플리스 웜 짚 티셔츠-REWMTSF18014,13200,5.0
등산용품,마운틴 이큅먼트 폴라장갑,6900,5.0
등산용품,레드페이스  남성 시티폴 요꼬 칼라 티셔츠-REWMTSF20214,13200,4.8
등산용품,[화롯불] 손난로핫팩 5입 (대형/중형),4900,4.0
등산용품,[화롯불] 파스형핫팩 10입 (40g),5900,4.86
등산용품,레키 보이저 등산 스틱,69000,4.79
등산용품,레드페이스  FW 모음 다운/패딩/보아자켓/후리스 외 쿠폰혜택,17600,4.82
등산용품,디스커버리(discovery) 디스커버리자켓 KQJ 남성 하이로프트 안감 후드 플리스 자켓 DMSS63061 CR,117010,5.0
등산용품,콜핑 간절기 여성 바지 균일가 모음전,9900,5.0
등산용품,마운틴 이큅먼트 파워장갑,8900,5.0
등산용품,레드페이스  남성 데일리 컴포터블 재킷-REWMJKF17410,26400,4.79
등산용품,온종일 핫팩,4548,5.0
등산용품,온종일 화롯불 핫팩 손난로 특대형 140g X 10개,13816,5.0
등산용품,피크나인 P07017 가을 남성 등산바지 남자 작업복 트레이닝팬츠,17670,3.92
등산용품,레드페이스  여성 스프링 블로섬 자켓-REWFJKS17152,13200,4.67
등산용품,레드페이스  남성 멜란 폴 라운드 티셔츠-REWMTSF20613,17890,4.09
등산용품,파쉬 [국내배송]파쉬 보온물주머니 노커버 2.0L 모음전,10670,4.94
등산용품,BIGTEN 빅텐 메이즈4단스틱,29900,4.0
등산용품,도이터 이마트 성수점,196000,4.5
등산용품,3400821 푸트라 32 ( FUTURA 32),6900,5.0
등산용품,파쉬 [국내배송]파쉬 보온물주머니 노커버 양면 다이아몬드  블루 2.0L,10670,5.0
등산용품,마모트 베이직캡,19000,4.67
등산용품,피크나인  PWP08576 겨울 남성 패딩바지 등산바지 솜 방한 작업,16456,5.0
등산용품,트래블매니아[Travelmania],10510,5.0
등산용품,엑스피크 다목적 몰리 서바이벌 핸드폰파우치 보조백,1700,5.0
등산용품,남성 여성 스니커즈 스포츠양말 이중바닥 학생 단목 무지삭스,4874,5.0
등산용품,3M 보안경 1611 고글 안경겸착용 측면보호-,79000,5.0
등산용품,트렉스타  레이크 NEW 보아다이얼 트레킹화 BROWN,14900,5.0
등산용품,아우토반 남성 경량 등산화  트레킹화  캠프2 오렌지,24900,5.0
