카테고리,product,price,rate
라면,[농심] 신라면 120gx5입,3680,4.95
라면,[농심] 올리브 짜파게티 (140gx5입),4280,4.95
라면,오뚜기 진라면 매운맛 120g*5입,3090,4.96
라면,농심 얼큰한 너구리 (120gx5입),3670,4.95
라면,[농심] 육개장 사발면 (86gx6입),4490,4.95
라면,[농심] 안성탕면 5입 625g (125g5입),3280,4.94
라면,[삼양] 삼양라면 5입,2480,4.93
라면,오뚜기 진라면 순한맛 120g(5입),3090,4.95
라면,[농심] 신라면 컵 6입 390g (65g6입),3970,4.95
라면,[오뚜기] 스낵면 540g (108g*5입),2480,4.93
라면,농심 앵그리짜파구리 4입,4280,4.93
라면,[농심] 튀김 우동 컵 (62g6입),3970,4.94
라면,농심 신라면 건면 5입,4380,4.91
라면,[농심] 멸치 칼국수(98g5입) 490g,4080,4.91
라면,[팔도 Paldo] 왕뚜껑 110g,950,4.94
라면,오뚜기 오동통면 얼큰한맛 120gX4개,2480,4.94
라면,[농심] 새우탕 컵면 (67g6입),3970,4.94
라면,[오뚜기] 열라면 5입 (120g*5입),3150,4.95
라면,[팔도 Paldo] 비빔면 5입,4200,4.94
라면,삼양 까르보불닭볶음면 105g,1072,4.94
라면,No Brand [노브랜드] 라면 한 그릇 115gx5봉입,1980,4.84
라면,농심 사리면 110g*5입,1380,4.91
라면,[오뚜기] 컵누들(매콤한맛) 37g,1070,4.94
라면,No Brand [노브랜드] 짜장라면 5개입,2280,4.85
라면,[농심] 김치 사발면 (86gx6),4500,4.94
라면,[팔도] 김치 왕뚜껑 110g,950,4.93
라면,[농심] 짜파게티 범벅 (70g6입),4500,4.95
라면,풀무원 자연은맛있다 정면 4입,3380,4.83
라면,농심 생생우동봉지 4입,6980,4.93
라면,[농심] 튀김우동 큰사발 111g,1030,4.94
라면,농심 신라면 볶음면 131g*4입,3980,4.73
라면,[농심] 순한 너구리120gx5입,4080,4.94
라면,오뚜기 진라면 소컵 매운맛(65gX6개),3970,4.95
라면,삼양 불닭볶음면 105g,1240,4.94
라면,팔도 틈새라면 빨계떡120g*5입,4400,4.93
라면,풀무원 자연은맛있다 홍면 4입,3380,4.82
라면,No Brand 노브랜드 쌀국수 멸치맛 92g,980,4.8
라면,[농심] 새우탕 큰사발 115g,1030,4.93
라면,오뚜기 컵누들 우동맛,1080,4.92
라면,농심 무파마탕면 4입,4070,4.9
라면,오뚜기 육개장 큰컵 104g*6,3780,4.88
라면,No Brand 노브랜드 쌀국수 얼큰한맛 92g,980,4.81
라면,No Brand [노브랜드] 육개장컵라면 79g,500,4.88
라면,[농심] 사리곰탕 큰사발면 111g,1030,4.93
라면,[농심] 튀김 우동 컵 62g,790,4.94
라면,[농심] 오징어 짬뽕 컵 67g,790,4.94
라면,삼양라면 매운맛 120gx5입,2480,4.87
라면,[삼양] 불닭 볶음면 (140gx5입),4680,4.94
라면,[농심] 신라면 컵 65g,790,4.94
라면,팔도일품삼선짜장120g*4입,2280,4.8
라면,쇠고기미역국라면 115gX4입,5480,4.89
라면,오뚜기 컵누들 베트남쌀국수 47g,1350,4.85
라면,[팔도] 짬뽕 왕뚜껑 110g,950,4.91
라면,팔도 왕뚜껑 130g*4입,2304,4.82
라면,농심 짜왕 건면119g*4,5700,4.9
라면,농심 짜왕 (134g*4입),5300,4.94
라면,컵누들 잔치쌀국수 컵 34.2g,1080,4.88
라면,오뚜기 진진짜라135g*4,5480,4.88
라면,[오뚜기] 스낵면 컵 62g,750,4.94
라면,[팔도 Paldo] 일품 해물라면 (120g*5개),2880,4.88
라면,농심 신라면건면사발 4입,4960,4.89
라면,오뚜기 참깨라면 65gx6입,5400,4.96
라면,농심 생생우동용기276g*4입,7680,4.94
라면,[농심] 새우탕 컵면 67g,790,4.93
라면,No Brand [노브랜드] 파돈코츠라멘 172g,1980,4.82
라면,오뚜기 크림진짬뽕멀티 130g*4,5480,4.89
라면,오뚜기 진라면 순한맛 용기 6입 (110gX6),5700,4.94
라면,[삼양] 나가사끼 짬뽕 (115g*5입),4480,4.91
라면,오뚜기 진라면 매운맛 용기 6입 (110gX6),5700,4.94
라면,오뚜기 짜장면 135gX4개입,3380,4.91
라면,팔도짜장면 203g*4,4280,4.91
라면,오뚜기 컵누들 매콤찜닭 작은컵 45.5g,1350,4.88
라면,오뚜기 김치라면 4입 480g,2350,4.9
라면,[오뚜기] 컵누들 우동맛 소컵 (38.1g*6입),6480,4.95
라면,[농심] 육개장 큰사발면 110g,1030,4.92
라면,[농심] 감자면 (117g*5입),5080,4.89
과자,노티드(knotted)x쁘띠몽쉘마롱몽블랑204g,3360,4.84
과자,농심 새우깡 블랙,2300,4.54
과자,몽쉘 크림케이크384g,3980,4.94
과자,[오리온] 초코파이 정 새로운시작 18팩 702g (39g*18팩),4880,4.95
과자,[오리온] 초코파이 정 새로운시작 12팩 468g (39g*12팩),3830,4.95
과자,몽쉘 카카오케이크 384g,3980,4.93
과자,크라운 쿠크다스케이크 154g,2980,4.93
과자,롯데 카스타드 2번들 552G(24입),6980,4.94
과자,[농심] 새우깡90g,1020,4.95
과자,오리온 초코송이 36g*2번들,980,4.96
과자,오리온 쫀득한 찹쌀떡먹은 참붕어빵 232g,4320,4.93
과자,크라운쵸코하임 18개입 284g,4780,4.96
과자,롯데 돼지바x찰떡파이210g,2980,4.85
과자,[해태] 아이비 270g,3580,4.93
과자,해태 오예스미니192g,2870,4.95
과자,크라운 신짱 씨앗호떡맛 200g,1980,4.81
과자,[JAJU/자주]신세계인터내셔날 점보 달고나,3500,4.9
과자,[크라운] 버터와플 316g,4380,4.95
과자,[오리온] 오징어 땅콩(오리지널) 202g,2380,4.93
과자,오리온 썬 핫 스파이시 맛 135g,1980,4.95
과자,해태 오예스18입540g,5980,4.97
과자,No Brand 노브랜드 감자칩 오리지날 110g,890,4.9
과자,[오리온] 후레쉬 베리 12입 336g,5120,4.95
과자,[크라운] 쿠크다스 화이트 토르테  288g,4380,4.95
과자,[오리온] 포카칩 오리지널 66g,1170,4.94
과자,청우 플랑 딸기 160g,3980,4.88
과자,오리온제과 오리온 마켓오 브라우니 12입 240g,4150,4.92
과자,해태 에이스스페셜모카블렌드364g,3980,4.87
과자,오리온 오뜨쇼콜라 300g,4800,4.94
과자,[해태] 홈런볼초코 5번들 230g,5980,4.96
과자,[롯데] 칙촉 180g,3840,4.94
과자,크라운 콘칩 군옥수수맛 148G,2380,4.95
과자,No Brand 노브랜드 고르곤졸라치즈 소프트콘 145g,1280,4.87
과자,롯데 쁘띠몽쉘제로카카오174g,3360,4.75
과자,오리온 오뜨 치즈 288g,4800,4.95
과자,오리온제과 오리온 마켓오 다쿠아즈 176g,3980,4.85
과자,오리온제과 오리온 후레쉬베리 복숭아 336g,5120,4.9
과자,[농심] 매운새우깡 90g,990,4.95
과자,오리온 초코파이 24입 936g,7680,4.94
과자,오레오 화이트크림 샌드위치 쿠키100g,980,4.95
과자,[오리온] 왕고래밥 56g,980,4.95
과자,롯데 꼬깔콘군옥수수맛144G,2380,4.94
과자,[농심] 알새우칩 68g,1180,4.94
과자,롯데 아몬드빼빼로132G,3840,4.95
과자,[롯데] 애플쨈 쿠키 230g,2880,4.92
과자,크라운 참쌀선과 253g,4320,4.95
과자,오리온 꼬북칩 초코츄러스맛 160g,2380,4.9
과자,농심 바나나킥 140g,2150,4.95
과자,오리온 고소미 216g,2880,4.95
과자,오리온 꼬북칩 콘스프 160g,2380,4.91
과자,오리온제과 오리온 초코파이 바나나 444g,3950,4.89
과자,해태 허니버터칩4번들 152g,2980,4.94
과자,롯데 칙촉브라우니160g,3840,4.87
과자,오리온 스윙칩 갈릭디핑소스맛 124g,2380,4.85
과자,롯데 까망카스타드더블초코276g,5580,4.86
과자,[농심] 자갈치90g,1200,4.94
과자,[롯데] 쌀로별 오리지널 156g,2380,4.92
과자,오리온 예감 오리지널 192g,2880,4.95
과자,롯데 꼬깔콘고소한맛144G,1680,4.94
과자,농심 조청유과 96g,1200,4.94
과자,크라운 초코렐라 132g,2240,4.82
과자,[롯데] 더욱 달콤하고 바삭해진 엄마손파이254g,4780,4.93
과자,[JAJU/자주]신세계인터내셔날 달고나 25g,1500,4.88
과자,No Brand 노브랜드 라면스낵 250g,1980,4.8
과자,[롯데] 폭신폭신 말랑카우 158g,2980,4.95
과자,[농심] 감자깡 75g,1200,4.95
과자,오리온 감자패밀리팩 180g,3980,4.95
과자,롯데 찰떡파이크림치즈250G,4780,4.76
커피,칸타타 프리미엄라떼 390ml,1980,4.91
커피,(쓱배송)  [맥심] 모카골드 마일드 커피믹스 250입,27200,4.95
커피,[매일] 바리스타룰스 에스프레소 라떼 250ml,1750,4.94
커피,[매일] 바리스타룰스 로-슈거 에스프레소 라떼 250ml,1750,4.95
커피,(쓱배송)  [맥심] 카누 마일드 로스트 아메리카노 미니 150입,25800,4.97
커피,맥심 (쓱배송)  [맥심] 화이트골드 커피믹스 250입,27200,4.96
커피,[매일] 마이 카페라떼 220ml*6입 기획 (기획랜덤구성),5980,4.94
커피,No Brand 노브랜드 콜롬비아 아메리카노 블랙 2.1L,2980,4.94
커피,칸타타 스위트 아메리카노 390ml,1980,4.92
커피,동서식품(주) [맥심]카누 미니 다크 로스트 아메리카노 100입,19000,4.94
커피,동서식품(주) [맥심] 모카골드 마일드 커피믹스 180입 (12g*180입) (+20입 or 사은품 랜덤 증정),24650,4.91
커피,동서식품(주) [맥심] 카누 마일드 로스트 아메리카노 미니 100입,19000,4.95
커피,맥심 슈프림골드 커피믹스 20입,3980,4.79
커피,[매일] 바리스타룰스 모카프레소 250ml,1750,4.93
커피,[서울우유] 스페셜티 카페라떼 마일드 250ml,1000,4.93
커피,맥심 카누  마일드 미니 27g (0.9g*30입),5980,4.95
커피,[맥심] 모카골드 마일드 커피믹스 (12g*100입),13900,4.93
커피,동서식품(주) 카누 돌체라떼 415.2g(24입),8700,4.91
커피,동서식품(주) [맥심]카누 디카페인 미니 아메리카노 30입,6160,4.92
커피,[스타벅스] 카페 라떼 200ml,1900,4.94
커피,[맥심]카누더블샷라떼 50입 (13.5g*50개입),16150,4.93
커피,동서식품(주) [맥심] 모카골드 마일드 커피믹스 (12g*20입),3170,4.93
커피,No Brand 노브랜드 콜드브루 아메리카노 500m,1880,4.79
커피,[스타벅스]  카페라떼 270ml,2450,4.94
커피,동서식품(주) [맥심]카누  디카페인 아메리카노 미니 100입,20900,4.95
커피,맥심 슈프림골드 커피믹스 100입,17280,4.94
커피,[서울우유] 스페셜티 카페라떼 모카 250ml,1000,4.92
커피,맥심  화이트골드 커피믹스 (11.7g*50) 585g,7750,4.94
커피,[맥심] 모카 골드 마일드 (12g*50입),7450,4.93
커피,동서식품(주) [맥심] 화이트골드 커피믹스 (11.7g*20) 234g,3260,4.93
커피,동서식품(주) [맥심] 화이트골드 커피믹스 180입 (11.7g*180개) (+20입 or 사은품 랜덤 증정),25400,4.92
커피,레쓰비마일드175ml*12입,3980,4.93
커피,동서식품(주) (쓱배송)  [맥심]카누 다크 아메리카노 미니 150입,25800,4.96
커피,동서식품(주) 카누 바닐라라떼 24입,10230,4.91
커피,[한국야쿠르트] 콜드브루 액상스틱 72ml(12ml*6개입),3000,4.9
커피,칸타타 콘트라베이스 블랙 500ml,1280,4.91
커피,동서식품(주) [맥심]모카골드 마일드 커피믹스 800입(200입X4개),77040,4.97
커피,"동서식품(주) [맥심] 화이트골드 커피믹스(11.7g*100) 1,170g",14800,4.94
커피,[매일]바리스타룰스 카라멜 딥 프레소 250ml,1750,4.92
커피,[스타벅스]  네스프레소 하우스 블렌드,7700,4.93
커피,No Brand [노브랜드] 카라멜 마끼아또 300ml,1280,4.88
커피,동서식품(주) [맥심] 모카골드 마일드 500g,18350,4.92
커피,맥심 슈프림골드 커피믹스 150입+20입,27800,4.91
커피,동서식품(주) [맥심]모카골드 마일드 커피믹스 800입(100입x8개),80100,4.98
커피,[스타벅스]  돌체구스토 하우스 블렌드,7900,4.94
커피,[매일]바리스타룰스 블랙 만델링 1L,4900,4.89
커피,동서식품(주) 카누 민트초코 라떼 415.2g(24입),8700,4.88
커피,스타벅스 블론드 에스프레소 by 네스프레소 캡슐 53g (5.3g x 10개입),7700,4.92
커피,No Brand 노브랜드 까페N블렌드1kg,9980,4.86
커피,맥심 카누 미니 마일드 로스트 스위트 아메리카노 100입 290g (2.9g*100입),20450,4.94
커피,PEACOCK 피코크 콜롬비아 안티오키아 수프리모 1kg (홀빈),21800,4.81
커피,동서식품(주) 카누 디카페인라떼 30입,11500,4.83
커피,PEACOCK 피코크 브라질 세라도 엔와이투 1kg (홀빈),18800,4.83
커피,[NESCAFE] 수프리모 150g,5590,4.91
커피,핸디엄 콜드브루커피 케냐AA 500ml,9900,4.87
커피,[스타벅스]  네스프레소 디카프 에스프레소 로스트,7700,4.92
커피,[서울우유] 스페셜티 카페라떼 다크 250ml,1000,4.91
커피,동서식품(주) 카누 티라미수라떼 24입,10230,4.87
커피,동서식품(주) [맥심]  모카골드 부드러운 블랙믹스 100개입,9580,4.95
커피,[스타벅스]  네스프레소 싱글오리진 콜롬비아,7700,4.94
커피,No Brand [노브랜드] 카페라떼 300ml,1300,4.86
커피,[스타벅스]  네스프레소 블론드 에스프레소 로스트,7700,4.95
커피,스타벅스 싱글 오리진 콜롬비아 by 네스프레소 캡슐 57g (5.7g x 10개입),7700,4.92
커피,일리 클래식로스트 디카페인 레귤러 1.6g*30개,12480,4.93
커피,스타벅스 카페 베로나 by 네스프레소 캡슐 55g (5.5g x 10개입),7700,4.93
커피,스타벅스 [SSG Fresh][국내배송]스타벅스 네스프레소 캡슐 커피 모음,6111,4.94
커피,네스카페 돌체구스토,8880,4.96
커피,네스카페 돌체구스토 캡슐 룽고 디카페인 112g,890,4.88
제철과일,홍시 4~6입/팩 (750g내외),3480,4.7
제철과일,[필리핀산] Dole 스위티오 바나나 1.3kg내외,4980,4.84
제철과일,샤인머스캣 500g/팩,7980,4.64
제철과일,당찬사과 4~7입/봉 (1.3kg),9980,4.81
제철과일,타이벡 감귤 3kg/박스,12900,4.72
제철과일,[뉴질랜드산] 제스프리 썬골드키위 7~14입/팩 (1.1kg내외),12800,4.86
제철과일,강원 맑은청 방울토마토 750g/팩,4400,4.82
제철과일,[미국산] 청포도 900g/팩,8980,4.77
제철과일,E-MART FRESH 사과대추 500g/팩,6900,4.66
제철과일,달달 과즙 황금향 1.2kg/봉,9980,4.65
제철과일,[칠레산] 생블루베리 310g,8980,4.79
제철과일,첫 수확 조생 햇 귤 3kg/박스,15900,4.79
제철과일,허니토마토 500g/팩,4900,4.76
제철과일,더달콤 스테비아 토마토 550g/팩,8900,4.76
제철과일,완숙토마토 6~8입/팩 (1.2kg),7900,4.82
제철과일,머스크 메론 1통 (1.6kg이상),8980,4.64
제철과일,저탄소인증 햇사과 1kg이상/봉,5480,4.7
제철과일,[미국산] 냉동 블루베리 1.5kg/봉,11800,4.89
제철과일,[필리핀산] Dole 바나나 1.3kg내외,3980,4.83
제철과일,[페루산] 스미후루 순 유기농 바나나 1묶음 (1.1kg 내외),3980,4.72
제철과일,[필리핀산] 델몬트 컷파인애플 540g,6980,4.83
제철과일,샤인머스캣 1.5kg/박스 (2~3송이),22500,4.5
제철과일,GAP 죽장 시나노골드 4~6입/봉 (1.3kg내외),9980,4.0
제철과일,[필리핀산] 신세계푸드 스카이 고산지 바나나 1kg내외,3980,4.74
제철과일,[뉴질랜드산] 제스프리 그린키위/팩 (1kg내외),7980,4.84
제철과일,[미국산] 혼합포도 1.36kg/팩,12980,4.61
제철과일,[뉴질랜드산] 유기농 제스프리 썬골드키위/팩 (400g이상),3980,4.87
제철과일,[미국산] 블랙사파이어 900g/팩,8980,4.63
제철과일,자연맛남 [금주특가][자연맛남] 제주직송 햇 감귤 4.5kg 로열과 (S-M/실중량),9500,4.47
제철과일,친환경 방울토마토 600g/팩,4280,4.78
제철과일,SSG.Fresh,12400,5.0
제철과일,[택배상품] 못생겨도 맛좋은 보조개사과 5kg (박스),5900,4.82
제철과일,크리스피 리얼칩스 5믹스 180g,8980,4.67
아이스크림,상하목장 얼려먹는 아이스크림 밀크 510ml,5980,4.81
아이스크림,상하목장 얼려먹는 아이스주스 망고 510ml,5980,4.91
아이스크림,"롯데 찰떡아이스90ml*5(★6,000→4,000)",4000,4.9
아이스크림,[롯데] 월드콘 멀티(160ml*5입),6000,4.89
아이스크림,[빙그레] 더 엑설런트 오리지널 800ml,5980,4.89
아이스크림,[롯데] 셀렉션  아이스크림 500ml,4000,4.88
아이스크림,[나뚜루] 녹차 아이스크림 파인트 474ml,11600,4.88
아이스크림,빙그레  투게더  아이스크림 900ml,5490,4.92
아이스크림,빙그레  그라시아 쿠앤크 710ml,3500,4.88
아이스크림,빙그레  떡붕어싸만코 150ml*5,6000,4.91
아이스크림,[빙그레] 슈퍼콘 바닐라쿠앤크 혼합 150ml*6,3500,4.85
아이스크림,[롯데푸드] 구구 오리지널 460ml (92ml*5입),4000,4.9
아이스크림,[롯데] 티코 밀크 초코 510ml,5000,4.91
아이스크림,No Brand 노브랜드향긋한바닐라향아이스5L,12980,4.91
아이스크림,롯데  티코 다크 초코 510ml,5000,4.91
아이스크림,구구 크러스터660ml,4000,4.91
아이스크림,[빙그레] 슈퍼콘 초코 750ml(150ml*5개),3500,4.86
아이스크림,[롯데푸드] 구구콘 아이스크림 5개입 800ml (160ml*5입),4000,4.87
아이스크림,[빙그레] 비비빅 70ml*8,3430,4.9
아이스크림,[빙그레] 메로나 75ml*8,3430,4.91
아이스크림,[롯데] 조안나 바닐라 850ml,4000,4.9
아이스크림,PEACOCK 피코크 욜로우 민트초코칩 474ml,5980,4.58
아이스크림,빙그레  빵또아 180ml*5,6000,4.88
아이스크림,[롯데] 스크류바 75mlx6개,3600,4.93
아이스크림,해태아이스크림 해태 누가바 63ml*6,3600,4.91
아이스크림,하겐다즈 그린티 아몬드 멀티바 240ml(80ml*3개),12500,4.83
아이스크림,빼빼로바 크런키 4입,4800,4.77
아이스크림,No Brand 노브랜드 리얼콘바닐라160ml*5,3580,4.88
아이스크림,롯데 일품 팥빙수,1500,4.78
아이스크림,조안나바,6000,4.89
아이스크림,빼빼로바아몬드 4입,4800,4.58
아이스크림,PEACOCK 피코크 유기농 요거트 아이스크림 474ml,7980,4.83
아이스크림,롯데 [롯데삼강] 돼지바 (70ml*6입),3600,4.87
아이스크림,No Brand No Brand 녹차아이스크림,3580,4.83
아이스크림,No Brand 노브랜드구슬아이스크림200g,6580,5.0
아이스크림,하겐다즈 초콜릿 473ml 파인트,12500,4.87
아이스크림,해태 쌍쌍바 67ml*6,3600,4.85
아이스크림,PEACOCK 피코크 유기농 바닐라 아이스크림 474ml,7980,4.81
아이스크림,PEACOCK 피코크 욜로우 바닐라 474ml,5980,4.55
아이스크림,[롯데] 설레임 밀크 쉐이크(160ml*5) 800ml,6000,4.91
아이스크림,빙빙 초코맛 107g (8.9g*12봉),4980,4.92
아이스크림,[롯데]죠스바 6입,3600,4.93
아이스크림,[롯데제과] 칙촉에 빠진 위즐 660ml,4000,4.81
아이스크림,롯데  위즐 바닐라 피칸 아이스크림 660ml,4000,4.82
아이스크림,[빙그레] 뽕따 멀티 130ml*6,3590,4.94
아이스크림,나뚜루  초코 아이스크림 파인트 474ml,11600,4.89
아이스크림,[롯데]옥동자 70ml*6,3600,4.88
아이스크림,[해태] 부라보콘 화이트바닐라 140ml*5ea,6000,4.84
아이스크림,[롯데제과] 라이스크림,3500,4.77
아이스크림,해태 팽이팽이 280ml,5000,4.8
아이스크림,와일드바디바멀티 70ml*6,3600,4.9
아이스크림,PEACOCK 피코크 욜로우 초코 474ml,5980,4.67
아이스크림,PEACOCK 피코크 유기농 딸기아이스크림 474ml,7980,4.0
아이스크림,PEACOCK 피코크 욜로우 딸기 474ml,5980,4.5
아이스크림,[롯데삼강] 찰떡 국화빵(150ml*5) 750ml,4000,4.87
아이스크림,나뚜루  스트로베리 아이스크림 파인트 474ml,11600,4.88
아이스크림,[빙그레] 끌레도르 클린라벨 초코파인트 474ml,4900,4.67
돼지고기,"No Brand [노브랜드][냉동] 삼겹살 바로구이 (1,000g)",12900,4.88
돼지고기,국내산 삼겹살 구이용 (100g),2380,4.85
돼지고기,국내산 돈목심 구이용 (100g),2380,4.9
돼지고기,국내산 칼집 삼겹살 (100g),2580,4.84
돼지고기,"No Brand [노브랜드][냉동] 돼지 목심 바로구이 (1,000g)",10900,4.86
돼지고기,국내산 삼겹살 수육용 (100g),2380,4.81
돼지고기,국내산 돈등심 카레용 (100g) (팩),1480,4.92
돼지고기,국내산 삼겹살 찌개용 (100g),2380,4.85
돼지고기,"[냉동][스페인산] 뼈없는 대패 삼겹살 (1,000g)",12980,4.89
돼지고기,국내산 돈뒷다리 다짐육 (100g) (팩),880,4.92
돼지고기,[국산의힘][냉동] 얼룩도야지 두툼 삼겹살 (350g),8780,4.86
돼지고기,국내산 돈등심 잡채용 (100g) (팩),1480,4.9
돼지고기,무항생제 삼겹살 구이용 (100g) (팩),3180,4.83
돼지고기,국내산 두툼 삼겹살 구이용 (100g),2380,4.86
돼지고기,[더느림] 돈앞다리 (100g),1780,4.83
돼지고기,No Brand [노브랜드][냉동] 감자탕용 등뼈 (1.5kg),4980,4.86
돼지고기,[냉동][미국산] 소스와 볶아먹는 매콤달콤 제육볶음 (600g),8080,4.86
돼지고기,[맥돈] 돈앞다리 (100g),1780,4.85
돼지고기,무항생제 돈목심 구이용 (100g) (팩),3180,4.93
돼지고기,국내산 돈안심 장조림용 (100g) (팩),1580,4.92
돼지고기,[국산의힘][냉동] 얼룩도야지 목심 (350g),8780,4.88
돼지고기,무항생제 삼겹살 수육용 (100g) (팩),3180,4.78
돼지고기,[더느림] 돈등갈비 (100g),3980,4.87
돼지고기,[국산의힘][냉동] 얼룩도야지 돈마호크 (350g),6980,5.0
돼지고기,[국내산 냉장][한돈][산수골목장] 삼겹살 500g,16500,4.66
돼지고기,[냉동] 국내산 삼겹살 (800g),17480,4.72
닭고기,"No Brand [노브랜드][냉동] 닭가슴살 (1,000g)",5900,4.93
닭고기,CJ 더건강한 닭가슴살 직화 통살구이 100g,2980,4.93
닭고기,"No Brand [노브랜드][냉동] 닭안심 (1,000g)",5900,4.92
닭고기,"[하림] 무항생제 닭 (볶음탕용) (1,000g)",4886,4.92
닭고기,대림 사조안심 닭가슴살 블랙페퍼 100g,1980,4.92
닭고기,[하림] 무항생제 두마리 영계 1kg (500g*2),8980,4.89
닭고기,[하림] 무항생제 닭다리살 (정육) (400g),7980,4.93
닭고기,하림 닭가슴훈제100g,2080,4.85
닭고기,CJ 더건강한 닭가슴살 직화 스테이크 100g,2980,4.87
닭고기,[대림]사조안심 닭가슴살 훈제 100g,1980,4.89
닭고기,[하림] 무항생제 닭안심 (400g),5980,4.94
닭고기,[하림] 무항생제 닭가슴살 (400g),5980,4.92
닭고기,"[하림] 동물복지 닭 (백숙용) (1,000g)",7980,5.0
닭고기,삼립 닭가슴살 슬라이스 블랙페퍼 400g,6980,4.83
닭고기,"[하림] 토종닭 (백숙용) (1,050g)",10980,4.89
닭고기,[마니커] 무항생제 닭 (볶음탕용) (800g),6280,4.89
닭고기,"[마니커][냉동] 무항생제 닭가슴살 (1,000g)",6980,4.9
닭고기,"[체리부로] 무항생제 닭 (백숙용) (1,000g)",6880,4.11
닭고기,동원 그릴리 닭가슴살 오리지널 110g,2980,5.0
닭고기,오븐에빠진닭 [오빠닭] 닭가슴살/소시지★균일가 사은품 증정,990,4.89
닭고기,[마니커][냉동] 초간단 닭발 (250g),4880,4.88
닭고기,[마니커][냉동] 무항생제 닭봉 (800g),8980,4.91
닭고기,"[마니커][냉동] 무항생제 닭안심 (1,000g)",6980,4.89
닭고기,교촌1991 [BEST Fresh][교촌] 치킨 맛집 교촌의 닭가슴살 골라담기★사은품 증정,990,4.95
닭고기,[마니커] 무항생제 닭 (백숙용) (800g),6980,4.92
닭고기,[하림] 매콤한 뼈없는 닭발 (300g),7980,4.56
닭고기,[하림] 프리미엄하얀속살햄100g3,5800,4.89
닭고기,[마니커][냉동] 무항생제 닭윙 (800g),8980,4.88
닭고기,[마니커] 무항생제 닭아랫날개 (윙) (600g),9480,4.95
닭고기,테미즈 [BEST Fresh][두메산골]당일손질 냉장 닭다리살(정육)1kg+1kg(2kg),20900,4.82
닭고기,"[우리땅] 토종닭 (볶음탕용) (1,000g)",9980,4.77
닭고기,PEACOCK [피코크] 매운 바베큐 닭다리 165g,2980,4.88
닭고기,[마니커] 무항생제 닭윗날개 (봉) (600g),9480,4.86
닭고기,친환경 닭안심 다짐육 (50gx6),8980,4.86
닭고기,에그파파 [BEST Fresh]에그파파 100% 국내산 신선 냉장 닭가슴살 1kg,4900,4.86
우유,PEACOCK 피코크 에이 클래스 우유 900ml (1A등급)(매일유업),1984,4.92
우유,[서울우유] 서울우유 1000ml 나100%,2710,4.94
우유,[서울우유] 서울우유 2.3L,6350,4.95
우유,PEACOCK 피코크 에이 클래스 우유 2.3L (1A등급)(남양유업),4624,4.89
우유,[서울우유] 후레쉬 밀크 기획(900ml*2) 1800ml,4450,4.95
우유,[서울우유] 목장의 신선함이 살아있는 우유 1L,3240,4.94
우유,[서울우유] 속편한 우유 저지방 (900ml*2),4480,4.89
우유,매일유업 [매일] 소화가 잘되는 우유 930ml,3290,4.94
우유,남양유업 맛있는우유GT 멸균 200ml*24,10980,4.92
우유,서울우유 1.8L,4990,4.94
우유,[서울우유] 저지방 우유 (1L2개),4480,4.93
우유,No Brand [노브랜드] 1A 우유 900mL,1980,4.92
우유,서울우유 커피포리 200ml* 4입,3490,4.92
우유,[매일] 소화가 잘되는 저지방 우유 930ml,3290,4.94
우유,[빙그레] 바나나맛 우유(240ml4개) 960ml,4900,4.94
우유,PEACOCK 피코크 더 클래스 우유 900ml (1등급)(남양유업),1888,4.88
우유,매일유업 [매일] 우유 오리지널 후레쉬팩 900ML*2,4280,4.95
우유,남양유업 [남양] 맛있는 우유 GT 900ml×2,4980,4.94
우유,[파스퇴르] 파스퇴르 우유 2.3L,5980,4.94
우유,서울우유 그린라벨 (1L*2입),5680,4.9
우유,파스퇴르 후레쉬 우유 2입(900ml*2),5980,4.93
우유,[서울우유] 저지방 우유 1000ml,2850,4.92
우유,[덴마크] 대니쉬 the건강한우유(900ml*2) 1800ml,4280,4.93
우유,서울 커피우유 200ml*3입,2640,4.93
우유,[서울우유] 서울우유 (200ml*3개),2640,4.94
우유,매일유업 [매일] 소화가 잘되는 멸균우유 (190ml16),12480,4.94
우유,매일유업 [매일] 아몬드브리즈 오리지널 950ml,2780,4.91
우유,[서울우유] 저지방 우유 1800ml,5290,4.92
우유,서울 초코우유 200ml*3입,2640,4.95
우유,[파스퇴르] 후레쉬우유(200ml*3입) 600ml,2380,4.95
우유,[빙그레] 바나나맛 우유 Value 6팩(240ml*6개) 1440ml,6880,4.94
우유,남양유업 [남양] 고소한 저지방우유 900ml*2,4680,4.91
우유,[서울우유] 저지방 우유 2.3L,6550,4.94
우유,매일유업 매일 오리지널  900ml,2610,4.95
우유,[빙그레] 바나나 스페셜(240ml*6개) 1440ml,6880,4.93
우유,매일유업 [매일] 오리지널(200ml*3개) 600ml,2270,4.95
우유,남양유업 남양 초코에몽 250ml*4,3840,4.92
우유,파스퇴르 후레쉬우유 900ml,3380,4.94
우유,서울우유 밀크랩 고단백저지방우유 900ml,3250,4.9
우유,서울 저지방 우유 200ml*3입,2640,4.91
우유,남양 락토프리우유 900ml*2입,4280,4.78
우유,매일유업 바나나는 하얗다 멀티 235ml*4,2980,4.88
우유,남양 맛있는우유GT 슈퍼밀크 900ml*2,5180,4.89
우유,작센 [독일공식수입 작센우유] 멸균우유 유지방3.5% 1000mlx12개입 (총12L),19800,4.79
우유,남양유업 [남양] 고소한 락토프리 우유 900ml,3250,4.91
우유,매일유업 매일 저지방 1% 900mL,2610,4.92
우유,[덴마크] 대니쉬 the건강한 저지방우유 1.8L,4480,4.89
우유,[빙그레] 바나나맛 우유 라이트(240ml4개) 960ml,4900,4.92
우유,아몬드브리즈 오리지널 190ml*6입,3780,4.97
우유,매일유업 [매일] ESL 우유 500ml,1580,4.93
우유,매일유업 우유속에 딸기과즙 300ml 3입 기획,2980,4.91
우유,상하목장 유기농 저지방우유 900ml,3664,4.93
우유,[서울우유] 멸균우유(1000ml10개입),18900,4.85
우유,상하목장 유기농 우유 500ml (125ml*4입),3520,4.97
우유,매일유업 매일우유 저지방 1% 1.5L,4390,4.94
우유,상하목장 유기농 멸균우유 1200ml (200ml*6),5920,4.93
우유,서울우유 그린라벨 1L,3490,4.89
우유,상하목장 유기농 우유 750ml,4980,4.92
우유,매일유업 우유속에 코코아과즙 300ml 3입 기획,2980,4.95
우유,상하 무항생제 저온살균 우유 저지방 900ml,3500,4.81
세제,[유한] 펑크린 (1.5ℓ + 200ml),2990,4.93
세제,No Brand [노브랜드] 더 경제적인 주방 세제 4L,4580,4.89
세제,(2개이상구매시 50%할인)다우니 고농축 섬유유연제 엑스퍼트 2L(실내건조),11500,4.92
세제,프릴 맑은 식초 750ML(상큼한라임),7500,4.9
세제,(2개이상구매시 50%할인)리큐 진한겔 베이킹소다 2.7L 드럼,11900,4.92
세제,(2개이상구매시 50%할인)테크 베이킹구연산 2.4L*2 겸용,14900,4.91
세제,[유한락스] 레귤러 3.5L,5930,4.93
세제,(2개이상구매시 50%할인)퍼실 파워젤 2.7L 드럼,23800,4.92
세제,(2개이상구매시 50%할인)퐁퐁 베이킹소다 1200ml 리필,4900,4.93
세제,홈스타 락스와 세제 후로랄 파인 (750ml),3900,4.92
세제,프릴 맑은 식초 750ML(산뜻한자몽),7500,4.92
세제,(2개이상구매시 50%할인)프릴 맑은 식초 상큼한 라임향 1L,7500,4.88
세제,No Brand 노브랜드 깨끗한 락스4.3L,3380,4.92
세제,LG생활건강  한입 과탄산소다 2KG,9900,4.92
세제,(2개이상구매시 50%할인)자연퐁 주방세제 오렌지 1570ML,8900,4.92
세제,[유한락스] 욕실청소용 900ml*2,7690,4.9
세제,[홈스타] 욕실세정용 900ML,6900,4.89
세제,다우니 (2개이상구매시 50%할인)다우니 고농축 섬유유연제 엑스퍼트 2.6L(실내건조),16400,4.96
세제,LG생활건강  한입 베이킹소다 4KG,9900,4.93
세제,(2개이상구매시 50%할인)테크 울드라이 1.3L 리필,3900,4.92
세제,[유한락스] 레귤러 500ML,1380,4.93
세제,(2개이상구매시 50%할인)리큐 진한겔 베이킹소다 2.7L(일반),11900,4.91
세제,(2개이상구매시 50%할인)프릴 맑은 식초 1L(산뜻한자몽),7500,4.92
세제,[유한락스] 후레쉬 락스 1.5L,3410,4.93
세제,백광 파워 트래펑 2L,4500,4.9
세제,홈스타 변기세정제40G X 4P,3300,4.85
세제,홈스타 싱크대배수관 세정제(1회분),7900,4.83
세제,홈스타 버블워시 세탁조 클리너 100G*2,3900,4.88
세제,(2개이상구매시 50%할인)[애경] 울샴푸 오리지널 리필 1.8L,7800,4.92
세제,LG생활건강 (2개이상구매시 50%할인)테크 특유취제거 2.7L 일반,16900,4.86
세제,(2개이상구매시 50%할인)다우니 퍼퓸 초고농축 섬유유연제 2L(블랙 미스티크),13800,4.91
세제,(2개이상구매시 50%할인)비트 EX 분말세탁세제 4KG,9900,4.91
세제,[홈스타] 뿌리는 곰팡이 싹 900ml,6900,4.88
세제,[유한락스] 곰팡이 제거제 900ML*2,7690,4.9
세제,유한젠 과탄산소다 2KG,8600,4.94
세제,다우니 (2개이상구매시 50%할인)다우니 초고농축 섬유유연제 2.6L(퍼플 화이트티와 릴리 향),13300,4.94
세제,LG생활건강 피지 파워젤 세제 프레쉬2.7L,19900,4.91
세제,LG생활건강  한입 구연산 2KG,9900,4.92
세제,No Brand 노브랜드 표백비누 450g,980,4.88
세제,(2개이상구매시 50%할인)샤프란 아로마 리필 2.1L_구연산,2750,4.93
세제,[홈스타] 바르면 곰팡이 싹 120ml,3900,4.89
세제,(2개이상구매시 50%할인)바르는 비트 220ml,3490,4.9
세제,(2개이상구매시 50%할인)비트 실내건조 분말세탁세제 4.2KG,9900,4.9
세제,(2개이상구매시 50%할인)프릴 베이킹소다 퓨어레몬 750ML 용기,6500,4.9
세제,유한락스 주방청소900ML*2,7690,4.87
세제,참그린 유럽에서온 베이킹소다&구연산 주방세제1.2L 리필,2450,4.9
세제,헨켈 퍼실 라벤더  2.7L(일반용),12000,4.92
세제,다우니 (2개이상구매시 50%할인)다우니 초고농축 섬유유연제 2.6L(블루 레몬그라스와 달콤한 라일락 향),13300,4.93
세제,No Brand 주방세제1L,2980,4.89
세제,(2개이상구매시 50%할인)유한젠 표백제 1.8L,9680,4.88
세제,LG생활건강 [홈스타] 착붙는 락스 스프레이 900ml,6900,4.84
세제,No Brand [노브랜드] 액체세제 리필 2.1L (일반용),3980,4.9
세제,다우니 (2개이상구매시 50%할인)다우니 퍼퓸 초고농축 섬유유연제 2L(스프링 가든 러브),13800,4.94
세제,홈스타 속 시원한 변기클리너(1회분),7900,4.79
세제,LG생활건강 (2개이상구매시 50%할인)피지 바이럭스 액체세제 2.7L(오리지널),19900,4.87
세제,자연퐁 스팀워시 식기세척기세제 55입,12900,4.87
세제,다우니 (2개이상구매시 50%할인)다우니 퍼퓸 초고농축 섬유유연제 2.6L(블랙 미스티크),16400,4.93
세제,(2개이상구매시 50%할인)암앤해머 쉐이커주방세척제400G,2700,4.94
세제,유한락스 세탁조세정제 500ML,2700,4.92
세제,아우라 건조기시트 120매(윌유메리미),15900,4.93
화장지,No Brand 노브랜드 도톰한 물티슈 100매,980,4.93
화장지,크리넥스 3겹 데코&소프트 30m*30롤,17910,4.92
화장지,No Brand 노브랜드 키친타올 200매*6롤,4900,4.93
화장지,No Brand [노브랜드] 깨끗한 물티슈 100매,880,4.88
화장지,크리넥스 울트라클린 화이트 비데 3겹 30m*30롤,20748,4.9
화장지,크리넥스 순수소프트내추럴 3겹 30m*30롤,18900,4.9
화장지,[코디] 순한 3겹데코 33m*30롤,16800,4.88
화장지,크리넥스 키친타월 150매*6롤,4950,4.91
화장지,크리넥스 디럭스미니 카카오230매6입,10400,4.9
화장지,크리넥스 실크소프트 미용티슈 230매 *6입,9810,4.91
화장지,깨끗한나라 물티슈100매6입(캡형),7900,4.92
화장지,[크리넥스] 내츄럴소프트 미용티슈 270매6입,15500,4.92
화장지,크리넥스 수앤수 코튼클린 오리지널캡 80x6,11610,4.89
화장지,그루 키친타올 230매*4입,3980,4.91
화장지,[코디] 키친타올 150매*6롤,7600,4.91
화장지,크리넥스 뽑아쓰는키친타올140매*4입,10800,4.91
화장지,깨끗한나라 순수 시그니처 4겹 25m*30롤,27900,4.87
화장지,코디  데코레이션 화장지 45m*30롤,16800,4.77
화장지,깨끗한나라 99.9% 손소독물티슈60매(캡),3900,4.89
화장지,크리넥스 안심 프리미엄 3겹 키친타올 140매x4롤,5310,4.9
화장지,코디 뽑아쓰는 키친타월 150*4,5890,4.94
화장지,깨끗한나라 키친타올150매4+4입(2겹),5900,4.9
화장지,크리넥스 3겹 더건강한케어 30M*30롤,35900,4.72
화장지,No Brand 노브랜드 Suprise 3겹 화장지 27m*36롤,10980,4.89
화장지,크리넥스 마이비데 물티슈(캡) 46매*4입,10900,4.92
화장지,크리넥스 내추럴소프트 숲속향 250매6입,10710,4.89
화장지,이마트24 민생화장지 3겹 27M *30롤,8820,4.86
화장지,[코디] 내추럴 미용티슈 230매*6입,10800,4.89
화장지,코디 비데&클린 화장지 30m*36롤,25800,4.89
화장지,크리넥스 안심물티슈60매(캡),2600,4.89
화장지,깨끗한나라 아이리스 30M 30롤,11880,4.89
화장지,코디 기름먹는 키친타올 140*6,4900,4.89
화장지,그루3겹데코 33M30롤,13900,4.84
화장지,깨끗한나라  순수 소프티 미용티슈 260매*6입,8900,4.87
화장지,이마트24 민생화장지 3겹 40M *12롤,5310,4.88
화장지,[코디] 울트라 슈퍼 스트롱 키친타올 130매*6롤,8500,4.9
화장지,크리넥스  뉴 수앤수 실키소프트 오리지날캡 70매 6입,11610,4.88
화장지,진로두꺼비 천연펄프 화장지 30m*30롤,11610,4.79
화장지,No Brand 노브랜드 스마트 미용티슈 200매*4입,3780,4.89
화장지,크리넥스 안심 손소독티슈 30+2매,2100,4.81
화장지,깨끗한나라 촉앤감케어 3겹 30m*30롤,25900,4.9
화장지,"코디 고창황토(특허받은 화장지)30m X 30롤 2팩(천연펄프, 무료배송)",33500,4.9
화장지,더도톰한 리트리 물티슈(캡) 100매6입,13900,4.92
화장지,No Brand [노브랜드] 로션 미용티슈 200매*3개입,4480,4.89
화장지,이마트24 [민생]한아름 물티슈 200매(캡형),1350,4.79
화장지,이마트24 민생 미용티슈 250매×3입,3510,4.8
화장지,크리넥스 수앤수 20매 카카오(색상랜덤발송),1100,4.92
화장지,No Brand 노브랜드 도톰한 3겹 키친타월 150매*4롤,4880,4.9
화장지,No Brand 노브랜드 Lotion&Soft 3겹 화장지 27M*12롤,6980,4.84
화장지,유한킴벌리 크리넥스 3겹 천연펄프 데코&소프트 화장지 37M-24롤x2팩,36005,4.83
화장지,크리넥스 마이비데 카카오 캡 40매,2000,4.92
화장지,크리넥스 마이비데 키즈 캡 42매x4,10900,4.93
화장지,코디 홈냅킨 100매*6입,3890,4.82
화장지,크리넥스 수앤수 카카오라이언80매(캡),2000,4.89
화장지,잘풀리는집 깨끗한3겹 순&순 30m*30롤,15900,4.89
화장지,랩신 V3 손소독티슈 60매,5900,4.84
화장지,코디 올록볼록 점보롤티슈 300Mx4롤,10500,4.89
화장지,No Brand 노브랜드 비데물티슈 60매 (캡형),3280,4.92
화장지,SHYRILLA 샤이릴라 여행용 티슈 70매*3입,1500,4.91
화장지,코디 스위티베어200매6입,7500,4.9
화장지,No Brand [노브랜드] 빨아쓰는 행주(30매),3380,4.92
화장지,코디 시카 로션 티슈 200*4,7490,4.93
화장지,크리넥스 (전국택배) 크리넥스 순수소프트내추럴 3겹 30m*30롤[NEO.2],18900,4.86
뷰티케어,비욘드 (SSG단독) 비욘드 클래식 핸드크림 기프트 세트(Thank You Edition),6800,4.81
뷰티케어,[아비노] 스킨 릴리프 모이스춰라이징 로션 354ml,19900,4.87
뷰티케어,니베아 스무드 바디 로션 400ml,13900,4.9
뷰티케어,니베아 리페어 & 케어 리치 바디 크림 300ml,13900,4.86
뷰티케어,일리윤 세라마이드 아토 로션 528ML,14900,4.93
뷰티케어,세타필로션 591ml+(29ml*2),18000,4.91
뷰티케어,해피바스 어성초 모공 클렌징폼 200G,3900,4.88
뷰티케어,온더바디 쉐어버터 코튼 바디로션 1000ml,9900,4.86
뷰티케어,니베아 인샤워 바디로션 나리싱_400ml (건조한피부용),13900,4.82
뷰티케어,니베아 익스프레스 바디 로션 400ml,13900,4.86
뷰티케어,바이오더마 하이드라비오 H2O 클렌징 워터 500ml,9900,5.0
뷰티케어,[이마트가 직접 수입한]아이보리비누 90g*3입,2205,4.88
뷰티케어,해피바스 정말 촉촉한 바디밀크 450ml,3900,4.88
뷰티케어,온더바디 쉐어버터 바닐라 바디로션 1000ml,9900,4.87
뷰티케어,스파 히말라야 핑크쏠트 클렌징 폼 200G,3900,4.79
뷰티케어,일리윤 세라마이드아토로션350ML,11900,4.89
뷰티케어,[아트릭스] 핸드 앤드 네일 로션 (400ml),5450,4.86
뷰티케어,No Brand [노브랜드] 부드럽고 촉촉한 핸드크림100ml,2980,4.88
뷰티케어,[바세린] 퓨어스킨젤리 오리지날 50ml,2200,4.93
뷰티케어,[2개이상 구매시 50%할인(10/27~28)]아이!깨끗해 클린머스크 향 200ml,4500,5.0
뷰티케어,뉴트로지나 인텐스 리페어 시카 에멀젼 310ml,20900,4.94
뷰티케어,라이프보이 손소독제 500ml,1560,4.78
뷰티케어,아크네스 더마 릴리프 모이스처 폼클렌저,15000,4.84
뷰티케어,뉴트로지나 인텐스리페어 핸드크림 56g,7900,4.87
뷰티케어,[아크네스] 포밍워시 200ml,15000,4.93
뷰티케어,[클린앤클리어] 훼이셜 포밍클렌져 150ml,7200,4.91
뷰티케어,해피바스 라이스 보습 클렌징폼 200G,3900,4.82
뷰티케어,일리윤 울트라 리페어 로션 350ml,9900,4.88
뷰티케어,바이오더마 세비엄 H2O 클렌징 워터 500ml,9900,5.0
뷰티케어,일리윤 오일스무딩바디로션 350ml,9900,4.92
뷰티케어,센카 퍼펙트 휩 페이셜워시,16000,4.92
뷰티케어,니베아 [아트릭스] 스트롱 프로텍션 크림 250ml,5700,4.91
뷰티케어,뉴트로지나 데일리 바디 로션 450ml,17900,4.88
뷰티케어,카밀  핸드&네일 크림 클래식_100ml 1+1,7650,4.93
뷰티케어,밀크바오밥 모이스트 바디로션 베이비파우더 400ml,7900,4.83
뷰티케어,[클린앤클리어] 딥 액션 폼클렌져,8900,4.91
뷰티케어,해피바스 코튼플라워 바디로션 450ML,5900,4.85
뷰티케어,F3 에스라인 사포 발각질 제거기,4500,4.87
뷰티케어,일리윤 울트라리페어 로션 528ml,14900,4.87
뷰티케어,카밀 핸드크림 미니 3종 세트,7700,4.71
뷰티케어,수려한 비책진생 특별 기획세트+정품 스마트세트증정,83000,4.88
뷰티케어,바이오더마 아토덤 PP밤 500ml,25200,5.0
뷰티케어,카밀 핸드크림 베스트 트리오 기획세트,12400,4.9
뷰티케어,니베아 올리브 핸드 크림 75ml,3500,4.82
뷰티케어,일리윤 진정스민 어성초 마스크팩 7매,5500,4.88
뷰티케어,뉴트로지나 인텐스리페어 풋크림 56G,8900,4.91
뷰티케어,한율 어린쑥 수분진정 2종 세트,34300,5.0
뷰티케어,[뉴트로지나] 바디오일 250ml,15900,4.87
뷰티케어,No Brand 노브랜드 안심쓱쓱 발각질면도기,3580,4.79
뷰티케어,온더바디 더내추럴 아보카도 바디로션 400m,4900,4.86
뷰티케어,니베아 크림 150ml,5700,4.88
뷰티케어,[뉴트로지나] 딥클린 에너자이징 폼클렌져 100g,10200,4.89
뷰티케어,LG생활건강 LG퓨어시카 바디로션 1L 화이트머스크향,12900,4.93
뷰티케어,바이오더마 FRIENDS PACK 1 ( 센시비오 H2O 500ml + [정품증정]센시비오 H2O 500ml ),23085,4.93
뷰티케어,[바세린] 헬씨핸드앤스트롱거네일 60ml,2700,4.77
뷰티케어,[뉴트로지나] 딥클린 클렌징오일 200ml,17900,4.82
뷰티케어,세인트 이브스 내추럴리 수딩 오트밀 & 쉐어버터 바디로션 607ml,7500,4.85
뷰티케어,일리윤 프레쉬 모이스춰 바디로션 350ml,9900,4.84
뷰티케어,카밀 핸드앤네일 크림 프레쉬,6200,4.87
뷰티케어,니베아  SOS 바디 로션 400ml,16900,4.9
뷰티케어,더마비,16110,4.94
뷰티케어,★한정판★ [더마비] 데일리 모이스처 바디로션 500mlX2  [gift] 장바구니+크림 20ml,6900,4.93
뷰티케어,일리윤 세라마이드 무향 핸드크림 50ml,8900,4.92
뷰티케어,센카 퍼펙트 휩 페이셜워시,22300,4.9
뷰티케어,피지오겔 DMT 로션 200ml,9900,4.84
뷰티케어,니베아 선 프로텍트 앤 라이트 선 세럼 90ml,3980,4.86
뷰티케어,No Brand [노브랜드] 부드럽고 촉촉한 딥 클렌징 폼 200ml,10137,4.82
뷰티케어,유니레버 바세린 바디로션450mlx2개,30600,4.96
뷰티케어,유세린 [★쓱데이한정★ 5만원이상 구매시 신세계상품권 5천원 증정!] [SSG단독]유세린 하이알루론 아이크림 기획세트(아이크림 15ml+컨센트레이트 5ml+유세린 정품크림 20ml)[증정]디럭스샘플G,85000,4.87
뷰티케어,아이오페 [본사직영정품] 아이오페 슈퍼바이탈 크림 리치 세트,3900,4.92
뷰티케어,해피바스 정말 순한 바디밀크 450ml,12000,4.85
뷰티케어,일리윤 세라마이드아토집중크림 500ML,20000,4.88
등산용품,[하루온팩] 손난로핫팩 10입 (100g),6900,5.0
등산용품,"도이터 몰타자켓(남)_2.5레이어 발수,투습 자켓",49000,4.2
등산용품,[하루온팩] 파스형핫팩 10입 (50g),5900,5.0
등산용품,[불곰팩] 손난로핫팩 5입 (특대형/중형),3900,5.0
등산용품,도이터 후투 플리스 자켓(여),39000,4.91
등산용품,트렉스타 프리미엄 어코드 3단 초경량 등산스틱 2개 1세트 + 케이스 - 2021년형,29832,4.8
등산용품,[화롯불] 손난로핫팩 5입 (대형/중형),3900,4.88
등산용품,레키 보이저 등산 스틱,69000,5.0
등산용품,마운틴 이큅먼트 폴라장갑,6900,4.83
등산용품,레드페이스  남성 시티폴 요꼬 칼라 티셔츠-REWMTSF20214,13200,5.0
등산용품,도이터 빌카 플리스 자켓(남),39000,5.0
등산용품,콜핑 간절기 여성 바지 균일가 모음전,9900,5.0
등산용품,[화롯불] 파스형핫팩 10입 (40g),5900,5.0
등산용품,마이핫 보온대 160g x 100팩/2021년 최신 제조/대용량핫팩/군용핫팩/손난로,70003,5.0
등산용품,레드페이스  남성 그리드 플리스 웜 짚 티셔츠-REWMTSF18014,13200,4.72
등산용품,네파[NEPA] [네파]지리산 공용 C-TR 아노락 다운 자켓 레인저룩_7HF2066,227920,4.67
등산용품,우리가스토리 Special Edition 국내생산 붙이는 핫팩 50g 30팩,10900,4.79
등산용품,디스커버리(discovery) [디스커버리]패딩 KQJ 여성 리즈(LEEDS) 플리스 다운 숏패딩 DWDJ95061 BE,227920,4.4
등산용품,네파[NEPA] [네파]여성 에이프릴 APRIL 경량 다운 자켓7H62049,126720,4.79
등산용품,콜마운틴 남성 등산화 커플 트레킹화 여성 운동화 SW605,39800,4.5
등산용품,트렉스타  퍼펙트_online exclusive 신상 등산화 트레킹화,85000,4.87
등산용품,파쉬 [국내배송]파쉬 보온물주머니 노커버 2.0L 모음전,10670,4.94
등산용품,마모트 파워스트레치 여성장갑BK,19000,5.0
등산용품,핫한날 미니 붙이는 핫팩 100매,9877,5.0
등산용품,마모트  [19신상]남성 뷰포드 플리스자켓 1-1MMJKW9006,21390,5.0
등산용품,디스커버리(discovery) 디스커버리후드집업 KQJ 남성 본딩 플리스 후드자켓 DMSS61061 OW,131390,4.71
등산용품,레드페이스_이마트 탑플렉스컴포터블슬릿우먼팬츠,39000,5.0
등산용품,트렉스타레저타임 레저타임 팬텀 남녀 트레킹화,24000,5.0
등산용품,레드페이스 [ 레드페이스 ]남녀사계절고급고어텍스등산화,63480,5.0
등산용품,노블진 261번 남자등산복상의 긴팔티셔츠 스판 아웃도어,12330,4.69
등산용품,[아크테릭스] GAMMA LT HOODY MENS_17307,272930,5.0
등산용품,K2세이프티 K2 세이프티 귀마개 방한용품 IMW12902,8613,4.82
등산용품,레드페이스  남성 매트 라이트 써모 패딩 재킷-REWMJKF18411,35200,5.0
등산용품,마모트 마모트/마운틴이큅멈트 모자/장갑/넥워머 외 등산용품 모음전!!,6900,4.86
등산용품,우리가스토리 Special Edition 국내생산 핫팩 M 80g 30팩,10900,5.0
등산용품,K2세이프티 K2라이크빈 패딩조끼 구스다운조끼 LB2-F609(거위80:20),40392,5.0
등산용품,레드페이스 [레드페이스  ]남녀고어텍스사계절고급등산화,109480,4.65
